Language,Location,Filename,Lines,Code,Comments,Blanks,Complexity,Bytes
Plain Text,/Users/ropf/case_systems/cassandra/NEWS.txt,NEWS.txt,580,471,0,109,0,21945
Plain Text,/Users/ropf/case_systems/cassandra/LICENSE.txt,LICENSE.txt,209,174,0,35,0,11609
Plain Text,/Users/ropf/case_systems/cassandra/NOTICE.txt,NOTICE.txt,31,23,0,8,0,1144
Plain Text,/Users/ropf/case_systems/cassandra/CHANGES.txt,CHANGES.txt,1454,1360,0,94,0,76829
Plain Text,/Users/ropf/case_systems/cassandra/README.txt,README.txt,107,77,0,30,0,3740
XML,/Users/ropf/case_systems/cassandra/build.xml,build.xml,1298,1069,112,117,0,59591
BASH,/Users/ropf/case_systems/cassandra/redhat/cassandra,cassandra,77,50,19,8,5,2198
Shell,/Users/ropf/case_systems/cassandra/redhat/cassandra.in.sh,cassandra.in.sh,18,10,3,5,3,438
Properties File,/Users/ropf/case_systems/cassandra/conf/log4j-tools.properties,log4j-tools.properties,27,5,19,3,0,1228
Java,/Users/ropf/case_systems/cassandra/src/java/org/apache/cassandra/service/IReadCommand.java,IReadCommand.java,27,5,20,2,0,925
Java,/Users/ropf/case_systems/cassandra/src/java/org/apache/cassandra/service/AbstractWriteResponseHandler.java,AbstractWriteResponseHandler.java,77,46,21,10,1,2776
Properties File,/Users/ropf/case_systems/cassandra/conf/access.properties,access.properties,39,4,30,5,0,1700
Java,/Users/ropf/case_systems/cassandra/src/java/org/apache/cassandra/service/IResponseResolver.java,IResponseResolver.java,46,10,28,8,0,1699
Java,/Users/ropf/case_systems/cassandra/src/java/org/apache/cassandra/service/AbstractCassandraDaemon.java,AbstractCassandraDaemon.java,400,245,108,47,20,13487
Java,/Users/ropf/case_systems/cassandra/src/java/org/apache/cassandra/service/DatacenterWriteResponseHandler.java,DatacenterWriteResponseHandler.java,98,59,26,13,10,3412
Properties File,/Users/ropf/case_systems/cassandra/conf/cassandra-topology.properties,cassandra-topology.properties,41,14,20,7,0,1358
Plain Text,/Users/ropf/case_systems/cassandra/conf/README.txt,README.txt,13,9,0,4,0,383
Java,/Users/ropf/case_systems/cassandra/src/java/org/apache/cassandra/service/StorageProxy.java,StorageProxy.java,1118,839,156,123,114,48997
Plain Text,/Users/ropf/case_systems/cassandra/conf/schema-sample.txt,schema-sample.txt,70,57,0,13,0,2174
YAML,/Users/ropf/case_systems/cassandra/src/resources/org/apache/cassandra/cli/CliHelp.yaml,CliHelp.yaml,1201,922,17,262,0,49728
Java,/Users/ropf/case_systems/cassandra/src/java/org/apache/cassandra/service/DigestMismatchException.java,DigestMismatchException.java,35,14,17,4,0,1372
Properties File,/Users/ropf/case_systems/cassandra/conf/log4j-server.properties,log4j-server.properties,44,11,26,7,0,1850
Shell,/Users/ropf/case_systems/cassandra/conf/cassandra-env.sh,cassandra-env.sh,171,74,76,21,10,6849
Properties File,/Users/ropf/case_systems/cassandra/conf/passwd.properties,passwd.properties,23,3,20,0,0,1122
Java,/Users/ropf/case_systems/cassandra/src/java/org/apache/cassandra/service/SocketSessionManagementService.java,SocketSessionManagementService.java,68,40,20,8,9,2046
Java,/Users/ropf/case_systems/cassandra/src/java/org/apache/cassandra/service/TruncateResponseHandler.java,TruncateResponseHandler.java,81,51,19,11,2,2877
Java,/Users/ropf/case_systems/cassandra/src/java/org/apache/cassandra/service/RangeSliceVerbHandler.java,RangeSliceVerbHandler.java,63,39,18,6,2,2716
Java,/Users/ropf/case_systems/cassandra/src/java/org/apache/cassandra/db/DefsTable.java,DefsTable.java,121,81,28,12,8,5298
Java,/Users/ropf/case_systems/cassandra/src/java/org/apache/cassandra/db/SliceByNamesReadCommand.java,SliceByNamesReadCommand.java,112,83,17,12,3,4102
Java,/Users/ropf/case_systems/cassandra/src/java/org/apache/cassandra/db/ReadRepairVerbHandler.java,ReadRepairVerbHandler.java,46,24,17,5,0,1577
Java,/Users/ropf/case_systems/cassandra/src/java/org/apache/cassandra/db/ReadCommand.java,ReadCommand.java,126,87,17,22,0,4164
YAML,/Users/ropf/case_systems/cassandra/conf/cassandra.yaml,cassandra.yaml,410,55,307,48,0,18544
Java,/Users/ropf/case_systems/cassandra/src/java/org/apache/cassandra/db/CounterUpdateColumn.java,CounterUpdateColumn.java,88,46,29,13,2,3080
Java,/Users/ropf/case_systems/cassandra/src/java/org/apache/cassandra/service/AbstractRowResolver.java,AbstractRowResolver.java,86,54,21,11,2,3082
Java,/Users/ropf/case_systems/cassandra/src/java/org/apache/cassandra/concurrent/IExecutorMBean.java,IExecutorMBean.java,38,7,27,4,0,1168
Java,/Users/ropf/case_systems/cassandra/src/java/org/apache/cassandra/concurrent/NamedThreadFactory.java,NamedThreadFactory.java,55,25,22,8,0,1775
Java,/Users/ropf/case_systems/cassandra/src/java/org/apache/cassandra/concurrent/Stage.java,Stage.java,69,45,20,4,2,1870
Java,/Users/ropf/case_systems/cassandra/src/java/org/apache/cassandra/client/RingCache.java,RingCache.java,136,97,25,14,6,4925
Java,/Users/ropf/case_systems/cassandra/src/java/org/apache/cassandra/concurrent/Context.java,Context.java,51,23,20,8,0,1393
Java,/Users/ropf/case_systems/cassandra/src/java/org/apache/cassandra/service/StorageLoadBalancer.java,StorageLoadBalancer.java,362,165,162,35,16,13996
Java,/Users/ropf/case_systems/cassandra/src/java/org/apache/cassandra/service/StorageProxyMBean.java,StorageProxyMBean.java,45,23,18,4,0,1787
Java,/Users/ropf/case_systems/cassandra/src/java/org/apache/cassandra/service/WriteResponseHandler.java,WriteResponseHandler.java,123,86,22,15,9,4317
Java,/Users/ropf/case_systems/cassandra/src/java/org/apache/cassandra/service/StorageServiceMBean.java,StorageServiceMBean.java,333,73,203,57,0,11710
Java,/Users/ropf/case_systems/cassandra/src/java/org/apache/cassandra/service/IndexScanVerbHandler.java,IndexScanVerbHandler.java,54,31,17,6,1,2149
Java,/Users/ropf/case_systems/cassandra/src/java/org/apache/cassandra/service/MigrationManager.java,MigrationManager.java,237,170,46,21,14,9935
Java,/Users/ropf/case_systems/cassandra/src/java/org/apache/cassandra/service/GCInspector.java,GCInspector.java,149,107,22,20,19,5963
Java,/Users/ropf/case_systems/cassandra/src/java/org/apache/cassandra/service/ClientState.java,ClientState.java,183,115,41,27,12,5968
Java,/Users/ropf/case_systems/cassandra/src/java/org/apache/cassandra/service/DatacenterSyncWriteResponseHandler.java,DatacenterSyncWriteResponseHandler.java,125,77,30,18,10,4477
Java,/Users/ropf/case_systems/cassandra/src/java/org/apache/cassandra/service/ReadCallback.java,ReadCallback.java,244,187,32,25,17,8654
Java,/Users/ropf/case_systems/cassandra/src/java/org/apache/cassandra/service/RowDigestResolver.java,RowDigestResolver.java,125,74,39,12,15,4677
Java,/Users/ropf/case_systems/cassandra/src/java/org/apache/cassandra/service/RowRepairResolver.java,RowRepairResolver.java,167,110,39,18,20,6314
Java,/Users/ropf/case_systems/cassandra/src/java/org/apache/cassandra/service/CassandraDaemon.java,CassandraDaemon.java,78,14,54,10,0,2341
Java,/Users/ropf/case_systems/cassandra/src/java/org/apache/cassandra/service/DatacenterReadCallback.java,DatacenterReadCallback.java,113,76,25,12,10,4086
Java,/Users/ropf/case_systems/cassandra/src/java/org/apache/cassandra/service/AsyncRepairCallback.java,AsyncRepairCallback.java,64,37,20,7,2,2092
Java,/Users/ropf/case_systems/cassandra/src/java/org/apache/cassandra/db/ColumnSerializer.java,ColumnSerializer.java,142,103,27,12,15,5118
Java,/Users/ropf/case_systems/cassandra/src/java/org/apache/cassandra/service/RangeSliceResponseResolver.java,RangeSliceResponseResolver.java,161,116,26,19,6,6047
Java,/Users/ropf/case_systems/cassandra/src/java/org/apache/cassandra/db/ReadResponse.java,ReadResponse.java,118,77,23,18,7,3271
Java,/Users/ropf/case_systems/cassandra/src/java/org/apache/cassandra/db/CounterMutationVerbHandler.java,CounterMutationVerbHandler.java,75,45,21,9,1,2971
Java,/Users/ropf/case_systems/cassandra/src/java/org/apache/cassandra/db/CounterMutation.java,CounterMutation.java,266,214,22,30,34,9066
Java,/Users/ropf/case_systems/cassandra/src/java/org/apache/cassandra/service/RepairCallback.java,RepairCallback.java,85,48,28,9,2,2994
Java,/Users/ropf/case_systems/cassandra/src/java/org/apache/cassandra/db/TruncateResponse.java,TruncateResponse.java,81,48,21,12,0,2926
Java,/Users/ropf/case_systems/cassandra/src/java/org/apache/cassandra/service/AntiEntropyService.java,AntiEntropyService.java,940,639,200,101,54,37761
Java,/Users/ropf/case_systems/cassandra/src/java/org/apache/cassandra/service/IWriteResponseHandler.java,IWriteResponseHandler.java,32,9,20,3,0,1192
Java,/Users/ropf/case_systems/cassandra/src/java/org/apache/cassandra/db/RowMutationVerbHandler.java,RowMutationVerbHandler.java,114,73,23,18,11,4658
Java,/Users/ropf/case_systems/cassandra/src/java/org/apache/cassandra/db/ColumnFamily.java,ColumnFamily.java,489,379,45,65,49,14913
Java,/Users/ropf/case_systems/cassandra/src/java/org/apache/cassandra/gms/IFailureDetector.java,IFailureDetector.java,75,11,55,9,0,2832
Java,/Users/ropf/case_systems/cassandra/src/java/org/apache/cassandra/hadoop/ColumnFamilyRecordReader.java,ColumnFamilyRecordReader.java,338,266,35,37,36,12211
Java,/Users/ropf/case_systems/cassandra/src/java/org/apache/cassandra/concurrent/JMXEnabledThreadPoolExecutorMBean.java,JMXEnabledThreadPoolExecutorMBean.java,34,6,26,2,0,1277
Java,/Users/ropf/case_systems/cassandra/src/java/org/apache/cassandra/hadoop/ColumnFamilyOutputFormat.java,ColumnFamilyOutputFormat.java,185,83,83,19,6,6938
Java,/Users/ropf/case_systems/cassandra/src/java/org/apache/cassandra/db/SystemTable.java,SystemTable.java,459,359,61,39,30,18611
Java,/Users/ropf/case_systems/cassandra/src/java/org/apache/cassandra/db/KeyspaceNotDefinedException.java,KeyspaceNotDefinedException.java,29,9,18,2,0,1047
Java,/Users/ropf/case_systems/cassandra/src/java/org/apache/cassandra/concurrent/RetryingScheduledThreadPoolExecutor.java,RetryingScheduledThreadPoolExecutor.java,116,74,25,17,2,3420
Java,/Users/ropf/case_systems/cassandra/src/java/org/apache/cassandra/concurrent/DebuggableThreadPoolExecutor.java,DebuggableThreadPoolExecutor.java,143,87,44,12,10,6256
Java,/Users/ropf/case_systems/cassandra/src/java/org/apache/cassandra/concurrent/JMXEnabledThreadPoolExecutor.java,JMXEnabledThreadPoolExecutor.java,177,122,32,23,2,5619
Java,/Users/ropf/case_systems/cassandra/src/java/org/apache/cassandra/concurrent/AIOExecutorService.java,AIOExecutorService.java,309,68,223,18,0,12953
Java,/Users/ropf/case_systems/cassandra/src/java/org/apache/cassandra/db/DecoratedKey.java,DecoratedKey.java,97,58,26,13,8,3003
Java,/Users/ropf/case_systems/cassandra/src/java/org/apache/cassandra/db/ColumnIndexer.java,ColumnIndexer.java,148,96,34,18,13,5202
Java,/Users/ropf/case_systems/cassandra/src/java/org/apache/cassandra/service/StorageService.java,StorageService.java,2638,1873,433,332,280,104136
Java,/Users/ropf/case_systems/cassandra/src/java/org/apache/cassandra/db/ReadVerbHandler.java,ReadVerbHandler.java,104,71,21,12,6,4060
Java,/Users/ropf/case_systems/cassandra/src/java/org/apache/cassandra/db/SchemaCheckVerbHandler.java,SchemaCheckVerbHandler.java,40,17,17,6,0,1591
Java,/Users/ropf/case_systems/cassandra/src/java/org/apache/cassandra/db/ColumnFamilyNotDefinedException.java,ColumnFamilyNotDefinedException.java,29,9,17,3,0,1079
Java,/Users/ropf/case_systems/cassandra/src/java/org/apache/cassandra/db/IndexScanCommand.java,IndexScanCommand.java,109,78,18,13,0,4185
Java,/Users/ropf/case_systems/cassandra/src/java/org/apache/cassandra/concurrent/JMXConfigurableThreadPoolExecutorMBean.java,JMXConfigurableThreadPoolExecutorMBean.java,26,6,17,3,0,1012
Java,/Users/ropf/case_systems/cassandra/src/java/org/apache/cassandra/gms/IEndpointStateChangeSubscriber.java,IEndpointStateChangeSubscriber.java,58,11,38,9,0,2352
Java,/Users/ropf/case_systems/cassandra/src/java/org/apache/cassandra/gms/GossipDigest.java,GossipDigest.java,108,72,21,15,2,3168
Java,/Users/ropf/case_systems/cassandra/src/java/org/apache/cassandra/gms/VersionGenerator.java,VersionGenerator.java,36,10,21,5,0,1194
Java,/Users/ropf/case_systems/cassandra/src/java/org/apache/cassandra/gms/EndpointState.java,EndpointState.java,180,117,32,31,6,5409
Java,/Users/ropf/case_systems/cassandra/src/java/org/apache/cassandra/concurrent/JMXConfigurableThreadPoolExecutor.java,JMXConfigurableThreadPoolExecutor.java,37,15,17,5,0,1576
Java,/Users/ropf/case_systems/cassandra/src/java/org/apache/cassandra/service/EmbeddedCassandraService.java,EmbeddedCassandraService.java,60,14,40,6,0,1849
Java,/Users/ropf/case_systems/cassandra/src/java/org/apache/cassandra/concurrent/StageManager.java,StageManager.java,95,54,30,11,1,4363
Java,/Users/ropf/case_systems/cassandra/src/java/org/apache/cassandra/thrift/TBinaryProtocol.java,TBinaryProtocol.java,99,61,22,16,4,2921
Java,/Users/ropf/case_systems/cassandra/src/java/org/apache/cassandra/thrift/TCustomServerSocket.java,TCustomServerSocket.java,106,61,32,13,4,3225
Java,/Users/ropf/case_systems/cassandra/src/java/org/apache/cassandra/thrift/CustomTNonBlockingServer.java,CustomTNonBlockingServer.java,43,19,20,4,0,1516
Java,/Users/ropf/case_systems/cassandra/src/java/org/apache/cassandra/db/Row.java,Row.java,77,48,18,11,1,2415
Java,/Users/ropf/case_systems/cassandra/src/java/org/apache/cassandra/gms/GossipDigestAck2VerbHandler.java,GossipDigestAck2VerbHandler.java,62,34,21,7,1,2237
Java,/Users/ropf/case_systems/cassandra/src/java/org/apache/cassandra/gms/Gossiper.java,Gossiper.java,1012,714,201,97,140,42851
Java,/Users/ropf/case_systems/cassandra/src/java/org/apache/cassandra/db/RowIterator.java,RowIterator.java,72,39,25,8,2,2194
Java,/Users/ropf/case_systems/cassandra/src/java/org/apache/cassandra/db/SuperColumn.java,SuperColumn.java,453,356,40,57,44,14808
Java,/Users/ropf/case_systems/cassandra/src/java/org/apache/cassandra/thrift/CassandraServer.java,CassandraServer.java,1163,976,47,140,117,46669
Java,/Users/ropf/case_systems/cassandra/src/java/org/apache/cassandra/db/Table.java,Table.java,750,577,100,73,116,30765
Java,/Users/ropf/case_systems/cassandra/src/java/org/apache/cassandra/db/EchoedRow.java,EchoedRow.java,72,37,26,9,2,2316
Java,/Users/ropf/case_systems/cassandra/src/java/org/apache/cassandra/gms/IFailureDetectionEventListener.java,IFailureDetectionEventListener.java,37,6,27,4,0,1307
Java,/Users/ropf/case_systems/cassandra/src/java/org/apache/cassandra/gms/GossipDigestAckMessage.java,GossipDigestAckMessage.java,88,53,21,14,0,3077
Java,/Users/ropf/case_systems/cassandra/src/java/org/apache/cassandra/gms/ApplicationState.java,ApplicationState.java,40,17,21,2,0,1100
Java,/Users/ropf/case_systems/cassandra/src/java/org/apache/cassandra/gms/GossipDigestSynMessage.java,GossipDigestSynMessage.java,145,101,21,23,4,4887
Java,/Users/ropf/case_systems/cassandra/src/java/org/apache/cassandra/db/HintedHandOffManager.java,HintedHandOffManager.java,465,348,70,47,37,19053
Java,/Users/ropf/case_systems/cassandra/src/java/org/apache/cassandra/gms/GossipDigestAck2Message.java,GossipDigestAck2Message.java,76,41,22,13,0,2538
Java,/Users/ropf/case_systems/cassandra/src/java/org/apache/cassandra/db/ColumnFamilyType.java,ColumnFamilyType.java,40,17,21,2,1,1311
Java,/Users/ropf/case_systems/cassandra/src/java/org/apache/cassandra/gms/IFailureNotification.java,IFailureNotification.java,27,7,17,3,0,999
Java,/Users/ropf/case_systems/cassandra/src/java/org/apache/cassandra/db/Memtable.java,Memtable.java,402,299,49,54,25,14547
Java,/Users/ropf/case_systems/cassandra/src/java/org/apache/cassandra/db/ColumnFamilyStore.java,ColumnFamilyStore.java,2343,1717,346,280,266,90638
Java,/Users/ropf/case_systems/cassandra/src/java/org/apache/cassandra/gms/GossipDigestSynVerbHandler.java,GossipDigestSynVerbHandler.java,141,88,38,15,11,5936
Java,/Users/ropf/case_systems/cassandra/src/java/org/apache/cassandra/hadoop/ColumnFamilyRecordWriter.java,ColumnFamilyRecordWriter.java,343,209,101,33,25,12329
Java,/Users/ropf/case_systems/cassandra/src/java/org/apache/cassandra/db/TruncateVerbHandler.java,TruncateVerbHandler.java,76,49,17,10,0,3003
Java,/Users/ropf/case_systems/cassandra/src/java/org/apache/cassandra/thrift/TCustomNonblockingServerSocket.java,TCustomNonblockingServerSocket.java,92,63,21,8,8,3232
Java,/Users/ropf/case_systems/cassandra/src/java/org/apache/cassandra/thrift/CustomTHsHaServer.java,CustomTHsHaServer.java,326,239,60,27,24,10498
Java,/Users/ropf/case_systems/cassandra/src/java/org/apache/cassandra/thrift/CassandraDaemon.java,CassandraDaemon.java,213,156,38,19,8,11205
Java,/Users/ropf/case_systems/cassandra/src/java/org/apache/cassandra/thrift/CustomTThreadPoolServer.java,CustomTThreadPoolServer.java,221,146,49,26,11,7121
Java,/Users/ropf/case_systems/cassandra/src/java/org/apache/cassandra/db/ColumnFamilySerializer.java,ColumnFamilySerializer.java,151,96,38,17,7,4883
Java,/Users/ropf/case_systems/cassandra/src/java/org/apache/cassandra/hadoop/ColumnFamilySplit.java,ColumnFamilySplit.java,116,74,25,17,5,3256
Java,/Users/ropf/case_systems/cassandra/src/java/org/apache/cassandra/gms/FailureDetector.java,FailureDetector.java,274,205,34,35,17,8610
Java,/Users/ropf/case_systems/cassandra/src/java/org/apache/cassandra/thrift/ThriftValidation.java,ThriftValidation.java,729,592,59,78,221,32986
Java,/Users/ropf/case_systems/cassandra/src/java/org/apache/cassandra/hadoop/ConfigHelper.java,ConfigHelper.java,333,225,73,35,13,11625
Java,/Users/ropf/case_systems/cassandra/src/java/org/apache/cassandra/db/WriteResponse.java,WriteResponse.java,97,61,22,14,0,3104
Java,/Users/ropf/case_systems/cassandra/src/java/org/apache/cassandra/streaming/StreamOut.java,StreamOut.java,184,96,72,16,3,7313
Java,/Users/ropf/case_systems/cassandra/src/java/org/apache/cassandra/streaming/StreamingServiceMBean.java,StreamingServiceMBean.java,42,13,22,7,0,1493
Java,/Users/ropf/case_systems/cassandra/src/java/org/apache/cassandra/cli/CliMain.java,CliMain.java,408,300,48,60,48,12604
Java,/Users/ropf/case_systems/cassandra/src/java/org/apache/cassandra/db/IMutation.java,IMutation.java,32,12,17,3,0,1160
Java,/Users/ropf/case_systems/cassandra/src/java/org/apache/cassandra/cli/CliCompleter.java,CliCompleter.java,85,63,17,5,0,2519
Java,/Users/ropf/case_systems/cassandra/src/java/org/apache/cassandra/streaming/StreamRequestVerbHandler.java,StreamRequestVerbHandler.java,62,32,21,9,2,2244
Java,/Users/ropf/case_systems/cassandra/src/java/org/apache/cassandra/db/UnserializableColumnFamilyException.java,UnserializableColumnFamilyException.java,33,11,17,5,0,1110
Java,/Users/ropf/case_systems/cassandra/src/java/org/apache/cassandra/gms/HeartBeatState.java,HeartBeatState.java,93,56,20,17,0,2336
Java,/Users/ropf/case_systems/cassandra/src/java/org/apache/cassandra/db/RangeSliceReply.java,RangeSliceReply.java,75,49,17,9,2,2488
Java,/Users/ropf/case_systems/cassandra/src/java/org/apache/cassandra/gms/VersionedValue.java,VersionedValue.java,188,123,31,34,0,6616
Java,/Users/ropf/case_systems/cassandra/src/java/org/apache/cassandra/gms/PureRandom.java,PureRandom.java,81,47,23,11,9,2229
Java,/Users/ropf/case_systems/cassandra/src/java/org/apache/cassandra/hadoop/ColumnFamilyInputFormat.java,ColumnFamilyInputFormat.java,299,223,48,28,23,11580
Java,/Users/ropf/case_systems/cassandra/src/java/org/apache/cassandra/db/DataTracker.java,DataTracker.java,496,379,52,65,44,15920
Java,/Users/ropf/case_systems/cassandra/src/java/org/apache/cassandra/gms/GossipDigestAckVerbHandler.java,GossipDigestAckVerbHandler.java,92,59,22,11,8,3695
Java,/Users/ropf/case_systems/cassandra/src/java/org/apache/cassandra/db/MeteredFlusher.java,MeteredFlusher.java,125,84,27,14,11,5090
Java,/Users/ropf/case_systems/cassandra/src/java/org/apache/cassandra/cli/CliCompiler.java,CliCompiler.java,173,108,35,30,19,5180
Java,/Users/ropf/case_systems/cassandra/src/java/org/apache/cassandra/cli/CliOptions.java,CliOptions.java,231,150,52,29,14,8209
Java,/Users/ropf/case_systems/cassandra/src/java/org/apache/cassandra/gms/FailureDetectorMBean.java,FailureDetectorMBean.java,30,8,17,5,0,1065
Java,/Users/ropf/case_systems/cassandra/src/java/org/apache/cassandra/cli/CliCommandHelp.java,CliCommandHelp.java,24,6,17,1,0,921
Java,/Users/ropf/case_systems/cassandra/src/java/org/apache/cassandra/cli/CliUtils.java,CliUtils.java,99,53,37,9,14,3038
Java,/Users/ropf/case_systems/cassandra/src/java/org/apache/cassandra/utils/DefaultDouble.java,DefaultDouble.java,47,23,17,7,1,1306
Java,/Users/ropf/case_systems/cassandra/src/java/org/apache/cassandra/utils/SimpleCondition.java,SimpleCondition.java,90,53,24,13,12,2628
Java,/Users/ropf/case_systems/cassandra/src/java/org/apache/cassandra/cli/CliUserHelp.java,CliUserHelp.java,29,8,17,4,0,989
Java,/Users/ropf/case_systems/cassandra/src/java/org/apache/cassandra/utils/ResourceWatcher.java,ResourceWatcher.java,71,43,20,8,1,2304
Java,/Users/ropf/case_systems/cassandra/src/java/org/apache/cassandra/utils/DefaultInteger.java,DefaultInteger.java,47,23,17,7,1,1294
Java,/Users/ropf/case_systems/cassandra/src/java/org/apache/cassandra/db/IColumnContainer.java,IColumnContainer.java,39,13,20,6,0,1267
Java,/Users/ropf/case_systems/cassandra/src/java/org/apache/cassandra/streaming/OperationType.java,OperationType.java,32,9,20,3,0,1000
Java,/Users/ropf/case_systems/cassandra/src/java/org/apache/cassandra/db/HintedHandOffManagerMBean.java,HintedHandOffManagerMBean.java,46,9,31,6,0,1595
Java,/Users/ropf/case_systems/cassandra/src/java/org/apache/cassandra/db/Column.java,Column.java,258,181,37,40,21,7418
Java,/Users/ropf/case_systems/cassandra/src/java/org/apache/cassandra/db/Truncation.java,Truncation.java,95,58,24,13,0,3053
Java,/Users/ropf/case_systems/cassandra/src/java/org/apache/cassandra/db/CounterColumn.java,CounterColumn.java,284,212,42,30,28,9375
Java,/Users/ropf/case_systems/cassandra/src/java/org/apache/cassandra/streaming/IncomingStreamReader.java,IncomingStreamReader.java,120,82,24,14,8,4444
Java,/Users/ropf/case_systems/cassandra/src/java/org/apache/cassandra/cli/CliSessionState.java,CliSessionState.java,86,52,23,11,0,2731
Java,/Users/ropf/case_systems/cassandra/src/java/org/apache/cassandra/db/IFlushable.java,IFlushable.java,32,8,20,4,0,1163
Java,/Users/ropf/case_systems/cassandra/src/java/org/apache/cassandra/streaming/StreamReply.java,StreamReply.java,92,61,20,11,0,3046
Java,/Users/ropf/case_systems/cassandra/src/java/org/apache/cassandra/utils/ByteBufferUtil.java,ByteBufferUtil.java,532,313,159,60,48,16920
Java,/Users/ropf/case_systems/cassandra/src/java/org/apache/cassandra/streaming/StreamHeader.java,StreamHeader.java,102,63,23,16,2,3305
Java,/Users/ropf/case_systems/cassandra/src/java/org/apache/cassandra/streaming/StreamIn.java,StreamIn.java,82,41,31,10,1,3294
Java,/Users/ropf/case_systems/cassandra/src/java/org/apache/cassandra/streaming/StreamOutSession.java,StreamOutSession.java,178,130,22,26,12,5844
Java,/Users/ropf/case_systems/cassandra/src/java/org/apache/cassandra/streaming/StreamInSession.java,StreamInSession.java,213,164,24,25,23,8171
Java,/Users/ropf/case_systems/cassandra/src/java/org/apache/cassandra/db/BinaryVerbHandler.java,BinaryVerbHandler.java,56,31,17,8,1,2140
Java,/Users/ropf/case_systems/cassandra/src/java/org/apache/cassandra/cli/CliClient.java,CliClient.java,2763,2040,351,372,315,107480
Java,/Users/ropf/case_systems/cassandra/src/java/org/apache/cassandra/db/DBConstants.java,DBConstants.java,28,9,18,1,0,1053
Java,/Users/ropf/case_systems/cassandra/src/java/org/apache/cassandra/utils/LegacyBloomFilterSerializer.java,LegacyBloomFilterSerializer.java,56,28,24,4,0,1974
Java,/Users/ropf/case_systems/cassandra/src/java/org/apache/cassandra/db/DeletedColumn.java,DeletedColumn.java,86,57,17,12,4,2537
Java,/Users/ropf/case_systems/cassandra/src/java/org/apache/cassandra/streaming/FileStreamTask.java,FileStreamTask.java,182,134,28,20,10,5965
Java,/Users/ropf/case_systems/cassandra/src/java/org/apache/cassandra/utils/LatencyTracker.java,LatencyTracker.java,86,52,24,10,0,2408
Java,/Users/ropf/case_systems/cassandra/src/java/org/apache/cassandra/scheduler/NoScheduler.java,NoScheduler.java,40,9,24,7,0,1270
Java,/Users/ropf/case_systems/cassandra/src/java/org/apache/cassandra/streaming/StreamRequestMessage.java,StreamRequestMessage.java,180,137,29,14,11,6179
Java,/Users/ropf/case_systems/cassandra/src/java/org/apache/cassandra/utils/Pair.java,Pair.java,61,35,18,8,4,1752
Java,/Users/ropf/case_systems/cassandra/src/java/org/apache/cassandra/db/ColumnFamilyStoreMBean.java,ColumnFamilyStoreMBean.java,243,59,135,49,0,6866
Java,/Users/ropf/case_systems/cassandra/src/java/org/apache/cassandra/utils/BoundedStatsDeque.java,BoundedStatsDeque.java,61,33,21,7,2,1579
Java,/Users/ropf/case_systems/cassandra/src/java/org/apache/cassandra/utils/ExpiringMap.java,ExpiringMap.java,155,108,21,26,10,4095
Java,/Users/ropf/case_systems/cassandra/src/java/org/apache/cassandra/utils/Mx4jTool.java,Mx4jTool.java,96,56,30,10,3,3592
Java,/Users/ropf/case_systems/cassandra/src/java/org/apache/cassandra/utils/EstimatedHistogram.java,EstimatedHistogram.java,218,133,60,25,20,6742
Java,/Users/ropf/case_systems/cassandra/src/java/org/apache/cassandra/db/MemtableAllocator.java,MemtableAllocator.java,235,102,110,23,17,8358
Java,/Users/ropf/case_systems/cassandra/src/java/org/apache/cassandra/streaming/StreamReplyVerbHandler.java,StreamReplyVerbHandler.java,78,50,20,8,3,2777
Java,/Users/ropf/case_systems/cassandra/src/java/org/apache/cassandra/streaming/ReplicationFinishedVerbHandler.java,ReplicationFinishedVerbHandler.java,44,20,20,4,1,1725
Java,/Users/ropf/case_systems/cassandra/src/java/org/apache/cassandra/streaming/PendingFile.java,PendingFile.java,143,99,25,19,9,4734
Java,/Users/ropf/case_systems/cassandra/src/java/org/apache/cassandra/streaming/StreamingService.java,StreamingService.java,111,77,23,11,7,3910
Java,/Users/ropf/case_systems/cassandra/src/java/org/apache/cassandra/io/ICompactSerializer.java,ICompactSerializer.java,46,9,32,5,0,1697
Java,/Users/ropf/case_systems/cassandra/src/java/org/apache/cassandra/io/ICompactSerializer2.java,ICompactSerializer2.java,42,9,29,4,0,1555
Java,/Users/ropf/case_systems/cassandra/src/java/org/apache/cassandra/utils/MerkleTree.java,MerkleTree.java,943,619,216,108,96,31171
Java,/Users/ropf/case_systems/cassandra/src/java/org/apache/cassandra/io/SerDeUtils.java,SerDeUtils.java,124,65,49,10,0,4940
Java,/Users/ropf/case_systems/cassandra/src/java/org/apache/cassandra/io/ICompactSerializer3.java,ICompactSerializer3.java,27,5,20,2,0,965
Java,/Users/ropf/case_systems/cassandra/src/java/org/apache/cassandra/io/IColumnSerializer.java,IColumnSerializer.java,32,9,20,3,0,1201
Java,/Users/ropf/case_systems/cassandra/src/java/org/apache/cassandra/io/DeletionService.java,DeletionService.java,55,28,20,7,0,1847
Java,/Users/ropf/case_systems/cassandra/src/java/org/apache/cassandra/utils/StatusLogger.java,StatusLogger.java,95,63,23,9,4,4083
Java,/Users/ropf/case_systems/cassandra/src/java/org/apache/cassandra/io/util/MemoryInputStream.java,MemoryInputStream.java,66,34,21,11,0,1713
Java,/Users/ropf/case_systems/cassandra/src/java/org/apache/cassandra/io/util/MappedFileDataInput.java,MappedFileDataInput.java,167,117,27,23,6,4969
Java,/Users/ropf/case_systems/cassandra/src/java/org/apache/cassandra/io/util/OutputBuffer.java,OutputBuffer.java,74,41,25,8,3,2015
Java,/Users/ropf/case_systems/cassandra/src/java/org/apache/cassandra/scheduler/IRequestScheduler.java,IRequestScheduler.java,41,6,33,2,0,1429
Java,/Users/ropf/case_systems/cassandra/src/java/org/apache/cassandra/db/IColumn.java,IColumn.java,63,32,24,7,0,2466
Java,/Users/ropf/case_systems/cassandra/src/java/org/apache/cassandra/io/util/SegmentedFile.java,SegmentedFile.java,151,82,51,18,2,4945
Java,/Users/ropf/case_systems/cassandra/src/java/org/apache/cassandra/db/RangeSliceCommand.java,RangeSliceCommand.java,169,113,35,21,5,6444
Java,/Users/ropf/case_systems/cassandra/src/java/org/apache/cassandra/io/util/BufferedRandomAccessFile.java,BufferedRandomAccessFile.java,512,333,88,91,45,15652
Java,/Users/ropf/case_systems/cassandra/src/java/org/apache/cassandra/io/util/AbstractDataInput.java,AbstractDataInput.java,348,129,201,18,27,13295
Java,/Users/ropf/case_systems/cassandra/src/java/org/apache/cassandra/io/util/IIterableColumns.java,IIterableColumns.java,32,8,20,4,0,1093
Java,/Users/ropf/case_systems/cassandra/src/java/org/apache/cassandra/scheduler/RoundRobinScheduler.java,RoundRobinScheduler.java,161,103,36,22,11,5216
Java,/Users/ropf/case_systems/cassandra/src/java/org/apache/cassandra/db/RowIteratorFactory.java,RowIteratorFactory.java,177,116,38,23,9,7121
Java,/Users/ropf/case_systems/cassandra/src/java/org/apache/cassandra/utils/XMLUtils.java,XMLUtils.java,90,62,17,11,3,3067
Java,/Users/ropf/case_systems/cassandra/src/java/org/apache/cassandra/db/SliceFromReadCommand.java,SliceFromReadCommand.java,109,82,17,10,0,4445
Java,/Users/ropf/case_systems/cassandra/src/java/org/apache/cassandra/db/BinaryMemtable.java,BinaryMemtable.java,160,121,24,15,3,5551
Java,/Users/ropf/case_systems/cassandra/src/java/org/apache/cassandra/utils/ReducingIterator.java,ReducingIterator.java,87,45,30,12,10,2618
Java,/Users/ropf/case_systems/cassandra/src/java/org/apache/cassandra/db/ExpiringColumn.java,ExpiringColumn.java,152,103,32,17,3,4782
Java,/Users/ropf/case_systems/cassandra/src/java/org/apache/cassandra/io/util/MemoryOutputStream.java,MemoryOutputStream.java,54,22,23,9,0,1411
Java,/Users/ropf/case_systems/cassandra/src/java/org/apache/cassandra/io/sstable/KeyIterator.java,KeyIterator.java,95,65,20,10,1,2726
Java,/Users/ropf/case_systems/cassandra/src/java/org/apache/cassandra/io/sstable/SSTableIdentityIterator.java,SSTableIdentityIterator.java,246,176,43,27,5,7893
Java,/Users/ropf/case_systems/cassandra/src/java/org/apache/cassandra/db/migration/AddKeyspace.java,AddKeyspace.java,97,64,21,12,7,3643
Java,/Users/ropf/case_systems/cassandra/src/java/org/apache/cassandra/db/RowMutation.java,RowMutation.java,403,309,48,46,50,14355
Java,/Users/ropf/case_systems/cassandra/src/java/org/apache/cassandra/io/util/FileMark.java,FileMark.java,23,2,20,1,0,886
Java,/Users/ropf/case_systems/cassandra/src/java/org/apache/cassandra/db/migration/UpdateColumnFamily.java,UpdateColumnFamily.java,108,70,23,15,9,4596
Java,/Users/ropf/case_systems/cassandra/src/java/org/apache/cassandra/utils/FBUtilities.java,FBUtilities.java,692,512,118,62,78,22303
Java,/Users/ropf/case_systems/cassandra/src/java/org/apache/cassandra/utils/SkipNullRepresenter.java,SkipNullRepresenter.java,41,19,18,4,3,1511
Java,/Users/ropf/case_systems/cassandra/src/java/org/apache/cassandra/utils/CloseableIterator.java,CloseableIterator.java,30,6,21,3,0,1055
Java,/Users/ropf/case_systems/cassandra/src/java/org/apache/cassandra/db/DefinitionsUpdateVerbHandler.java,DefinitionsUpdateVerbHandler.java,93,64,23,6,6,4190
Java,/Users/ropf/case_systems/cassandra/src/java/org/apache/cassandra/io/sstable/AbstractSSTableSimpleWriter.java,AbstractSSTableSimpleWriter.java,168,95,53,20,12,6474
Java,/Users/ropf/case_systems/cassandra/src/java/org/apache/cassandra/io/util/DataOutputBuffer.java,DataOutputBuffer.java,75,35,30,10,0,2017
Java,/Users/ropf/case_systems/cassandra/src/java/org/apache/cassandra/utils/GuidGenerator.java,GuidGenerator.java,114,74,21,19,6,3594
Java,/Users/ropf/case_systems/cassandra/src/java/org/apache/cassandra/io/util/FileUtils.java,FileUtils.java,246,202,23,21,32,6887
Java,/Users/ropf/case_systems/cassandra/src/java/org/apache/cassandra/utils/LegacyBloomFilter.java,LegacyBloomFilter.java,175,116,38,21,7,5707
Java,/Users/ropf/case_systems/cassandra/src/java/org/apache/cassandra/utils/AbstractStatsDeque.java,AbstractStatsDeque.java,72,41,21,10,2,1811
Java,/Users/ropf/case_systems/cassandra/src/java/org/apache/cassandra/utils/WrappedRunnable.java,WrappedRunnable.java,39,16,20,3,0,1169
Java,/Users/ropf/case_systems/cassandra/src/java/org/apache/cassandra/io/sstable/SSTableBoundedScanner.java,SSTableBoundedScanner.java,100,70,21,9,8,3127
Java,/Users/ropf/case_systems/cassandra/src/java/org/apache/cassandra/utils/NodeId.java,NodeId.java,246,167,43,36,20,7147
Java,/Users/ropf/case_systems/cassandra/src/java/org/apache/cassandra/utils/BloomFilter.java,BloomFilter.java,143,92,32,19,6,5003
Java,/Users/ropf/case_systems/cassandra/src/java/org/apache/cassandra/io/sstable/SSTableDeletingReference.java,SSTableDeletingReference.java,101,66,23,12,3,3585
Java,/Users/ropf/case_systems/cassandra/src/java/org/apache/cassandra/io/sstable/SSTableWriter.java,SSTableWriter.java,614,461,80,73,24,24495
Java,/Users/ropf/case_systems/cassandra/src/java/org/apache/cassandra/utils/BloomCalculations.java,BloomCalculations.java,186,99,71,16,6,8373
Java,/Users/ropf/case_systems/cassandra/src/java/org/apache/cassandra/utils/BloomFilterSerializer.java,BloomFilterSerializer.java,57,28,20,9,2,1827
Java,/Users/ropf/case_systems/cassandra/src/java/org/apache/cassandra/io/sstable/SSTableReader.java,SSTableReader.java,803,588,123,92,113,30876
Java,/Users/ropf/case_systems/cassandra/src/java/org/apache/cassandra/utils/Filter.java,Filter.java,35,12,18,5,0,1075
Java,/Users/ropf/case_systems/cassandra/src/java/org/apache/cassandra/utils/MurmurHash.java,MurmurHash.java,144,95,27,22,8,4220
Java,/Users/ropf/case_systems/cassandra/src/java/org/apache/cassandra/io/util/BufferedSegmentedFile.java,BufferedSegmentedFile.java,71,35,30,6,0,2297
Java,/Users/ropf/case_systems/cassandra/src/java/org/apache/cassandra/utils/CLibrary.java,CLibrary.java,259,192,39,28,18,8936
Java,/Users/ropf/case_systems/cassandra/src/java/org/apache/cassandra/io/sstable/SSTableSimpleWriter.java,SSTableSimpleWriter.java,84,39,37,8,3,3111
Java,/Users/ropf/case_systems/cassandra/src/java/org/apache/cassandra/utils/UUIDGen.java,UUIDGen.java,219,119,73,27,11,7353
Java,/Users/ropf/case_systems/cassandra/src/java/org/apache/cassandra/utils/obs/ArrayUtil.java,ArrayUtil.java,39,14,21,4,1,1312
Java,/Users/ropf/case_systems/cassandra/src/java/org/apache/cassandra/utils/DestructivePQIterator.java,DestructivePQIterator.java,43,18,18,7,0,1281
Java,/Users/ropf/case_systems/cassandra/src/java/org/apache/cassandra/utils/obs/BitUtil.java,BitUtil.java,815,553,168,94,56,22334
Java,/Users/ropf/case_systems/cassandra/src/java/org/apache/cassandra/io/sstable/SSTableScanner.java,SSTableScanner.java,214,165,25,24,11,6155
Java,/Users/ropf/case_systems/cassandra/src/java/org/apache/cassandra/io/sstable/SSTableSimpleUnsortedWriter.java,SSTableSimpleUnsortedWriter.java,116,64,41,11,6,4697
Java,/Users/ropf/case_systems/cassandra/src/java/org/apache/cassandra/io/util/FileDataInput.java,FileDataInput.java,50,15,26,9,0,1571
Java,/Users/ropf/case_systems/cassandra/src/java/org/apache/cassandra/utils/obs/OpenBitSet.java,OpenBitSet.java,818,408,277,133,61,24773
Java,/Users/ropf/case_systems/cassandra/src/java/org/apache/cassandra/io/util/ColumnSortedMap.java,ColumnSortedMap.java,305,232,25,48,1,7910
Java,/Users/ropf/case_systems/cassandra/src/java/org/apache/cassandra/io/sstable/BloomFilterTracker.java,BloomFilterTracker.java,78,49,20,9,0,2057
Java,/Users/ropf/case_systems/cassandra/src/java/org/apache/cassandra/io/util/MmappedSegmentedFile.java,MmappedSegmentedFile.java,179,114,48,17,9,6158
Java,/Users/ropf/case_systems/cassandra/src/java/org/apache/cassandra/db/filter/NamesQueryFilter.java,NamesQueryFilter.java,102,68,20,14,5,3300
Java,/Users/ropf/case_systems/cassandra/src/java/org/apache/cassandra/io/sstable/SSTableLoader.java,SSTableLoader.java,266,185,44,37,16,9102
Java,/Users/ropf/case_systems/cassandra/src/java/org/apache/cassandra/io/sstable/IndexHelper.java,IndexHelper.java,197,95,84,18,9,7285
Java,/Users/ropf/case_systems/cassandra/src/java/org/apache/cassandra/db/commitlog/BatchCommitLogExecutorServiceMBean.java,BatchCommitLogExecutorServiceMBean.java,25,5,18,2,0,970
Java,/Users/ropf/case_systems/cassandra/src/java/org/apache/cassandra/io/sstable/ReducingKeyIterator.java,ReducingKeyIterator.java,111,75,20,16,4,2865
Java,/Users/ropf/case_systems/cassandra/src/java/org/apache/cassandra/db/commitlog/ReplayPosition.java,ReplayPosition.java,136,86,29,21,12,4365
Java,/Users/ropf/case_systems/cassandra/src/java/org/apache/cassandra/io/sstable/SSTable.java,SSTable.java,279,194,56,29,27,10250
Java,/Users/ropf/case_systems/cassandra/src/java/org/apache/cassandra/io/sstable/Component.java,Component.java,173,111,44,18,10,5754
Java,/Users/ropf/case_systems/cassandra/src/java/org/apache/cassandra/io/sstable/Descriptor.java,Descriptor.java,253,151,70,32,28,8394
Java,/Users/ropf/case_systems/cassandra/src/java/org/apache/cassandra/db/commitlog/ICommitLogExecutorService.java,ICommitLogExecutorService.java,46,11,28,7,0,1567
Java,/Users/ropf/case_systems/cassandra/src/java/org/apache/cassandra/db/commitlog/CommitLogSegment.java,CommitLogSegment.java,231,173,29,29,11,6917
Java,/Users/ropf/case_systems/cassandra/src/java/org/apache/cassandra/db/migration/AddColumnFamily.java,AddColumnFamily.java,114,78,21,15,11,4587
Java,/Users/ropf/case_systems/cassandra/src/java/org/apache/cassandra/db/compaction/CompactionInfo.java,CompactionInfo.java,87,54,20,13,0,2605
Java,/Users/ropf/case_systems/cassandra/src/java/org/apache/cassandra/db/filter/QueryFilter.java,QueryFilter.java,222,141,54,27,24,9489
Java,/Users/ropf/case_systems/cassandra/src/java/org/apache/cassandra/db/commitlog/BatchCommitLogExecutorService.java,BatchCommitLogExecutorService.java,197,148,26,23,10,5895
Java,/Users/ropf/case_systems/cassandra/src/java/org/apache/cassandra/db/migration/UpdateKeyspace.java,UpdateKeyspace.java,97,61,20,16,5,3746
Java,/Users/ropf/case_systems/cassandra/src/java/org/apache/cassandra/db/compaction/CompactionController.java,CompactionController.java,149,97,31,21,14,5022
Java,/Users/ropf/case_systems/cassandra/src/java/org/apache/cassandra/db/compaction/PrecompactedRow.java,PrecompactedRow.java,154,108,30,16,13,5271
Java,/Users/ropf/case_systems/cassandra/src/java/org/apache/cassandra/io/sstable/IndexSummary.java,IndexSummary.java,108,61,32,15,3,3370
Java,/Users/ropf/case_systems/cassandra/src/java/org/apache/cassandra/db/compaction/CompactionIterator.java,CompactionIterator.java,205,145,32,28,12,7224
Java,/Users/ropf/case_systems/cassandra/src/java/org/apache/cassandra/db/compaction/CompactionType.java,CompactionType.java,48,23,20,5,0,1368
Java,/Users/ropf/case_systems/cassandra/src/java/org/apache/cassandra/db/compaction/LazilyCompactedRow.java,LazilyCompactedRow.java,218,155,36,27,18,7711
Java,/Users/ropf/case_systems/cassandra/src/java/org/apache/cassandra/db/filter/SliceQueryFilter.java,SliceQueryFilter.java,153,107,26,20,15,5754
Java,/Users/ropf/case_systems/cassandra/src/java/org/apache/cassandra/db/filter/AbstractColumnIterator.java,AbstractColumnIterator.java,37,12,20,5,0,1168
Java,/Users/ropf/case_systems/cassandra/src/java/org/apache/cassandra/db/migration/Migration.java,Migration.java,318,217,67,34,23,13693
Java,/Users/ropf/case_systems/cassandra/src/java/org/apache/cassandra/db/commitlog/AbstractCommitLogExecutorService.java,AbstractCommitLogExecutorService.java,83,47,26,10,0,2348
Java,/Users/ropf/case_systems/cassandra/src/java/org/apache/cassandra/db/compaction/CompactionManager.java,CompactionManager.java,1380,1133,128,119,147,56464
Java,/Users/ropf/case_systems/cassandra/src/java/org/apache/cassandra/db/columniterator/SimpleSliceReader.java,SimpleSliceReader.java,105,72,20,13,3,3249
Java,/Users/ropf/case_systems/cassandra/src/java/org/apache/cassandra/db/filter/QueryPath.java,QueryPath.java,100,67,20,13,9,3538
Java,/Users/ropf/case_systems/cassandra/src/java/org/apache/cassandra/cql/UpdateStatement.java,UpdateStatement.java,295,172,77,46,22,10452
Java,/Users/ropf/case_systems/cassandra/src/java/org/apache/cassandra/cql/Attributes.java,Attributes.java,79,44,23,12,0,1991
Java,/Users/ropf/case_systems/cassandra/src/java/org/apache/cassandra/cql/CQLStatement.java,CQLStatement.java,33,11,20,2,0,1084
Java,/Users/ropf/case_systems/cassandra/src/java/org/apache/cassandra/db/filter/IFilter.java,IFilter.java,77,18,51,8,0,3389
Java,/Users/ropf/case_systems/cassandra/src/java/org/apache/cassandra/db/migration/DropColumnFamily.java,DropColumnFamily.java,120,83,20,17,6,4716
Java,/Users/ropf/case_systems/cassandra/src/java/org/apache/cassandra/db/columniterator/IColumnIterator.java,IColumnIterator.java,46,12,27,7,0,1429
Java,/Users/ropf/case_systems/cassandra/src/java/org/apache/cassandra/db/migration/RenameColumnFamily.java,RenameColumnFamily.java,134,91,27,16,7,5817
Java,/Users/ropf/case_systems/cassandra/src/java/org/apache/cassandra/db/migration/DropKeyspace.java,DropKeyspace.java,110,77,21,12,5,4131
Java,/Users/ropf/case_systems/cassandra/src/java/org/apache/cassandra/db/columniterator/SSTableSliceIterator.java,SSTableSliceIterator.java,127,76,35,16,7,4674
Java,/Users/ropf/case_systems/cassandra/src/java/org/apache/cassandra/db/migration/RenameKeyspace.java,RenameKeyspace.java,150,105,26,19,15,6196
Java,/Users/ropf/case_systems/cassandra/src/java/org/apache/cassandra/db/columniterator/SimpleAbstractColumnIterator.java,SimpleAbstractColumnIterator.java,33,8,20,5,0,1152
Java,/Users/ropf/case_systems/cassandra/src/java/org/apache/cassandra/db/context/CounterContext.java,CounterContext.java,803,563,164,76,141,29733
Java,/Users/ropf/case_systems/cassandra/src/java/org/apache/cassandra/db/columniterator/IdentityQueryFilter.java,IdentityQueryFilter.java,43,15,24,4,0,1480
Java,/Users/ropf/case_systems/cassandra/src/java/org/apache/cassandra/db/columniterator/SSTableNamesIterator.java,SSTableNamesIterator.java,205,157,26,22,22,7457
Java,/Users/ropf/case_systems/cassandra/src/java/org/apache/cassandra/db/marshal/AsciiType.java,AsciiType.java,125,83,21,21,3,2914
Java,/Users/ropf/case_systems/cassandra/src/java/org/apache/cassandra/db/commitlog/PeriodicCommitLogExecutorServiceMBean.java,PeriodicCommitLogExecutorServiceMBean.java,25,5,18,2,0,973
Java,/Users/ropf/case_systems/cassandra/src/java/org/apache/cassandra/db/commitlog/PeriodicCommitLogExecutorService.java,PeriodicCommitLogExecutorService.java,152,117,20,15,5,4312
Java,/Users/ropf/case_systems/cassandra/src/java/org/apache/cassandra/db/columniterator/IndexedSliceReader.java,IndexedSliceReader.java,229,174,29,26,59,8394
Java,/Users/ropf/case_systems/cassandra/src/java/org/apache/cassandra/cql/BatchStatement.java,BatchStatement.java,99,49,35,15,2,2935
Java,/Users/ropf/case_systems/cassandra/src/java/org/apache/cassandra/dht/OrderPreservingPartitioner.java,OrderPreservingPartitioner.java,213,153,33,27,11,7490
Java,/Users/ropf/case_systems/cassandra/src/java/org/apache/cassandra/dht/BytesToken.java,BytesToken.java,71,42,18,11,3,1968
Java,/Users/ropf/case_systems/cassandra/src/java/org/apache/cassandra/dht/ByteOrderedPartitioner.java,ByteOrderedPartitioner.java,31,11,17,3,2,1108
Java,/Users/ropf/case_systems/cassandra/src/java/org/apache/cassandra/db/commitlog/CommitLog.java,CommitLog.java,564,389,116,59,49,22826
Java,/Users/ropf/case_systems/cassandra/src/java/org/apache/cassandra/dht/Bounds.java,Bounds.java,71,39,22,10,4,2106
Java,/Users/ropf/case_systems/cassandra/src/java/org/apache/cassandra/dht/IPartitioner.java,IPartitioner.java,87,17,58,12,0,2770
Java,/Users/ropf/case_systems/cassandra/src/java/org/apache/cassandra/dht/BigIntegerToken.java,BigIntegerToken.java,41,17,19,5,0,1285
Java,/Users/ropf/case_systems/cassandra/src/java/org/apache/cassandra/dht/BootStrapper.java,BootStrapper.java,311,244,31,36,30,12499
Java,/Users/ropf/case_systems/cassandra/src/java/org/apache/cassandra/cql/Operation.java,Operation.java,58,30,22,6,3,1569
Java,/Users/ropf/case_systems/cassandra/src/java/org/apache/cassandra/cql/SelectStatement.java,SelectStatement.java,172,119,25,28,1,4204
Java,/Users/ropf/case_systems/cassandra/src/java/org/apache/cassandra/cql/StatementType.java,StatementType.java,33,9,21,3,0,1362
Java,/Users/ropf/case_systems/cassandra/src/java/org/apache/cassandra/cql/AbstractModification.java,AbstractModification.java,115,55,46,14,4,3701
Java,/Users/ropf/case_systems/cassandra/src/java/org/apache/cassandra/dht/LocalToken.java,LocalToken.java,66,38,18,10,3,1814
Java,/Users/ropf/case_systems/cassandra/src/java/org/apache/cassandra/cql/CreateColumnFamilyStatement.java,CreateColumnFamilyStatement.java,381,290,48,43,45,17114
Java,/Users/ropf/case_systems/cassandra/src/java/org/apache/cassandra/auth/AuthenticatedUser.java,AuthenticatedUser.java,52,23,23,6,0,1502
Java,/Users/ropf/case_systems/cassandra/src/java/org/apache/cassandra/db/compaction/CompactionManagerMBean.java,CompactionManagerMBean.java,48,10,31,7,0,1665
Java,/Users/ropf/case_systems/cassandra/src/java/org/apache/cassandra/auth/IAuthority.java,IAuthority.java,66,9,52,5,0,2685
Java,/Users/ropf/case_systems/cassandra/src/java/org/apache/cassandra/auth/Resources.java,Resources.java,51,21,25,5,2,1637
Java,/Users/ropf/case_systems/cassandra/src/java/org/apache/cassandra/cql/QueryProcessor.java,QueryProcessor.java,1004,815,59,130,107,41431
Java,/Users/ropf/case_systems/cassandra/src/java/org/apache/cassandra/auth/IAuthenticator.java,IAuthenticator.java,42,10,27,5,0,1634
Java,/Users/ropf/case_systems/cassandra/src/java/org/apache/cassandra/auth/Permission.java,Permission.java,38,9,25,4,0,1325
Java,/Users/ropf/case_systems/cassandra/src/java/org/apache/cassandra/auth/SimpleAuthenticator.java,SimpleAuthenticator.java,149,107,23,19,13,5689
Java,/Users/ropf/case_systems/cassandra/src/java/org/apache/cassandra/db/compaction/AbstractCompactedRow.java,AbstractCompactedRow.java,63,17,37,9,0,2025
Java,/Users/ropf/case_systems/cassandra/src/java/org/apache/cassandra/cql/Term.java,Term.java,186,112,55,19,32,5370
Java,/Users/ropf/case_systems/cassandra/src/java/org/apache/cassandra/cql/CreateKeyspaceStatement.java,CreateKeyspaceStatement.java,108,57,39,12,5,4021
Java,/Users/ropf/case_systems/cassandra/src/java/org/apache/cassandra/auth/SimpleAuthority.java,SimpleAuthority.java,155,111,27,17,32,5662
Java,/Users/ropf/case_systems/cassandra/src/java/org/apache/cassandra/cql/SelectExpression.java,SelectExpression.java,136,73,48,15,1,3620
Java,/Users/ropf/case_systems/cassandra/src/java/org/apache/cassandra/cql/CreateIndexStatement.java,CreateIndexStatement.java,54,25,24,5,0,1628
Java,/Users/ropf/case_systems/cassandra/src/java/org/apache/cassandra/auth/AllowAllAuthority.java,AllowAllAuthority.java,39,14,21,4,0,1251
Java,/Users/ropf/case_systems/cassandra/src/java/org/apache/cassandra/cql/Relation.java,Relation.java,107,62,32,13,10,2759
Java,/Users/ropf/case_systems/cassandra/src/java/org/apache/cassandra/cql/WhereClause.java,WhereClause.java,185,110,48,27,15,5343
Java,/Users/ropf/case_systems/cassandra/src/java/org/apache/cassandra/auth/AllowAllAuthenticator.java,AllowAllAuthenticator.java,46,19,21,6,0,1499
Java,/Users/ropf/case_systems/cassandra/src/java/org/apache/cassandra/security/SSLFactory.java,SSLFactory.java,102,62,26,14,0,3942
Java,/Users/ropf/case_systems/cassandra/src/java/org/apache/cassandra/security/streaming/SSLIncomingStreamReader.java,SSLIncomingStreamReader.java,57,29,22,6,0,2132
Java,/Users/ropf/case_systems/cassandra/src/java/org/apache/cassandra/security/streaming/SSLFileStreamTask.java,SSLFileStreamTask.java,90,57,22,11,0,2993
Java,/Users/ropf/case_systems/cassandra/src/java/org/apache/cassandra/dht/LocalPartitioner.java,LocalPartitioner.java,84,52,18,14,0,2386
Java,/Users/ropf/case_systems/cassandra/src/java/org/apache/cassandra/dht/Range.java,Range.java,354,228,90,36,46,12003
Java,/Users/ropf/case_systems/cassandra/src/java/org/apache/cassandra/config/SeedProviderDef.java,SeedProviderDef.java,36,14,17,5,0,1226
Java,/Users/ropf/case_systems/cassandra/src/java/org/apache/cassandra/cql/DeleteStatement.java,DeleteStatement.java,130,81,29,20,6,4503
Java,/Users/ropf/case_systems/cassandra/src/java/org/apache/cassandra/dht/StringToken.java,StringToken.java,35,13,18,4,0,1110
Java,/Users/ropf/case_systems/cassandra/src/java/org/apache/cassandra/dht/CollatingOrderPreservingPartitioner.java,CollatingOrderPreservingPartitioner.java,52,28,17,7,2,1830
Java,/Users/ropf/case_systems/cassandra/src/java/org/apache/cassandra/dht/Token.java,Token.java,100,65,21,14,1,3206
Java,/Users/ropf/case_systems/cassandra/src/java/org/apache/cassandra/config/RequestSchedulerOptions.java,RequestSchedulerOptions.java,36,10,23,3,0,1198
Java,/Users/ropf/case_systems/cassandra/src/java/org/apache/cassandra/cache/ConcurrentLinkedHashCacheProvider.java,ConcurrentLinkedHashCacheProvider.java,34,11,20,3,0,1288
Java,/Users/ropf/case_systems/cassandra/src/java/org/apache/cassandra/cql/AlterTableStatement.java,AlterTableStatement.java,127,82,23,22,10,4958
Java,/Users/ropf/case_systems/cassandra/src/java/org/apache/cassandra/db/context/IContext.java,IContext.java,71,15,51,5,0,2287
Java,/Users/ropf/case_systems/cassandra/src/java/org/apache/cassandra/dht/RandomPartitioner.java,RandomPartitioner.java,182,132,29,21,13,6974
Java,/Users/ropf/case_systems/cassandra/src/java/org/apache/cassandra/config/ConfigurationException.java,ConfigurationException.java,32,12,17,3,0,1083
Java,/Users/ropf/case_systems/cassandra/src/java/org/apache/cassandra/config/ReplicationStrategy.java,ReplicationStrategy.java,30,7,20,3,0,1000
Java,/Users/ropf/case_systems/cassandra/src/java/org/apache/cassandra/config/KSMetaData.java,KSMetaData.java,221,169,24,28,30,9141
Java,/Users/ropf/case_systems/cassandra/src/java/org/apache/cassandra/config/EncryptionOptions.java,EncryptionOptions.java,38,15,20,3,0,1353
Java,/Users/ropf/case_systems/cassandra/src/java/org/apache/cassandra/cache/AutoSavingKeyCache.java,AutoSavingKeyCache.java,50,24,20,6,1,1681
Java,/Users/ropf/case_systems/cassandra/src/java/org/apache/cassandra/cql/DropIndexStatement.java,DropIndexStatement.java,86,50,20,16,11,2774
Java,/Users/ropf/case_systems/cassandra/src/java/org/apache/cassandra/db/marshal/AbstractType.java,AbstractType.java,188,123,44,21,11,6157
Java,/Users/ropf/case_systems/cassandra/src/java/org/apache/cassandra/cache/IRowCacheProvider.java,IRowCacheProvider.java,33,7,23,3,0,1148
Java,/Users/ropf/case_systems/cassandra/src/java/org/apache/cassandra/cache/ICache.java,ICache.java,54,14,29,11,0,1635
Java,/Users/ropf/case_systems/cassandra/src/java/org/apache/cassandra/db/marshal/CounterColumnType.java,CounterColumnType.java,71,37,23,11,7,2130
Java,/Users/ropf/case_systems/cassandra/src/java/org/apache/cassandra/cache/AutoSavingCache.java,AutoSavingCache.java,268,215,26,27,21,9998
Java,/Users/ropf/case_systems/cassandra/src/java/org/apache/cassandra/cache/ConcurrentLinkedHashCache.java,ConcurrentLinkedHashCache.java,103,65,22,16,0,2809
Java,/Users/ropf/case_systems/cassandra/src/java/org/apache/cassandra/cache/FreeableMemory.java,FreeableMemory.java,82,44,28,10,9,2196
Java,/Users/ropf/case_systems/cassandra/src/java/org/apache/cassandra/db/marshal/DoubleType.java,DoubleType.java,143,97,21,25,14,3580
Java,/Users/ropf/case_systems/cassandra/src/java/org/apache/cassandra/dht/AbstractByteOrderedPartitioner.java,AbstractByteOrderedPartitioner.java,221,159,33,29,10,7417
Java,/Users/ropf/case_systems/cassandra/src/java/org/apache/cassandra/dht/AbstractBounds.java,AbstractBounds.java,130,76,34,20,6,4547
Java,/Users/ropf/case_systems/cassandra/src/java/org/apache/cassandra/db/marshal/CompositeType.java,CompositeType.java,144,84,40,20,6,4642
Java,/Users/ropf/case_systems/cassandra/src/java/org/apache/cassandra/config/Config.java,Config.java,139,82,26,31,0,4637
Java,/Users/ropf/case_systems/cassandra/src/java/org/apache/cassandra/db/marshal/ReversedType.java,ReversedType.java,150,105,21,24,9,3797
Java,/Users/ropf/case_systems/cassandra/src/java/org/apache/cassandra/config/ColumnDefinition.java,ColumnDefinition.java,181,137,20,24,32,6555
Java,/Users/ropf/case_systems/cassandra/src/java/org/apache/cassandra/cache/InstrumentingCacheMBean.java,InstrumentingCacheMBean.java,42,10,27,5,0,1516
Java,/Users/ropf/case_systems/cassandra/src/java/org/apache/cassandra/db/marshal/TimeUUIDType.java,TimeUUIDType.java,208,156,25,27,42,6521
Java,/Users/ropf/case_systems/cassandra/src/java/org/apache/cassandra/net/IAsyncResult.java,IAsyncResult.java,43,10,28,5,0,1559
Java,/Users/ropf/case_systems/cassandra/src/java/org/apache/cassandra/net/Message.java,Message.java,151,109,19,23,3,4472
Java,/Users/ropf/case_systems/cassandra/src/java/org/apache/cassandra/config/DatabaseDescriptor.java,DatabaseDescriptor.java,1100,878,74,148,149,39563
Java,/Users/ropf/case_systems/cassandra/src/java/org/apache/cassandra/tools/SSTableExport.java,SSTableExport.java,440,265,100,75,39,14707
Java,/Users/ropf/case_systems/cassandra/src/java/org/apache/cassandra/net/IAsyncCallback.java,IAsyncCallback.java,33,5,26,2,0,1262
Java,/Users/ropf/case_systems/cassandra/src/java/org/apache/cassandra/net/HeaderTypes.java,HeaderTypes.java,25,6,17,2,0,993
Java,/Users/ropf/case_systems/cassandra/src/java/org/apache/cassandra/net/AsyncResult.java,AsyncResult.java,108,81,17,10,5,3216
Java,/Users/ropf/case_systems/cassandra/src/java/org/apache/cassandra/net/IVerbHandler.java,IVerbHandler.java,39,5,31,3,0,1526
Java,/Users/ropf/case_systems/cassandra/src/java/org/apache/cassandra/tools/GetVersion.java,GetVersion.java,26,7,17,2,0,1057
Java,/Users/ropf/case_systems/cassandra/src/java/org/apache/cassandra/config/CFMetaData.java,CFMetaData.java,1019,856,71,92,145,49634
Java,/Users/ropf/case_systems/cassandra/src/java/org/apache/cassandra/db/marshal/UTF8Type.java,UTF8Type.java,235,177,37,21,41,7709
Java,/Users/ropf/case_systems/cassandra/src/java/org/apache/cassandra/db/marshal/AbstractCommutativeType.java,AbstractCommutativeType.java,91,54,23,14,0,2127
Java,/Users/ropf/case_systems/cassandra/src/java/org/apache/cassandra/db/marshal/BytesType.java,BytesType.java,127,84,21,22,5,2927
Java,/Users/ropf/case_systems/cassandra/src/java/org/apache/cassandra/net/MessagingService.java,MessagingService.java,752,536,131,85,46,28670
Java,/Users/ropf/case_systems/cassandra/src/java/org/apache/cassandra/db/marshal/DateType.java,DateType.java,178,126,25,27,17,4722
Java,/Users/ropf/case_systems/cassandra/src/java/org/apache/cassandra/db/marshal/DynamicCompositeType.java,DynamicCompositeType.java,266,195,43,28,22,8807
Java,/Users/ropf/case_systems/cassandra/src/java/org/apache/cassandra/db/marshal/LexicalUUIDType.java,LexicalUUIDType.java,105,68,22,15,14,2968
Java,/Users/ropf/case_systems/cassandra/src/java/org/apache/cassandra/db/marshal/LocalByPartionerType.java,LocalByPartionerType.java,115,74,20,21,0,3210
Java,/Users/ropf/case_systems/cassandra/src/java/org/apache/cassandra/db/marshal/BooleanType.java,BooleanType.java,136,90,20,26,21,3446
Java,/Users/ropf/case_systems/cassandra/src/java/org/apache/cassandra/db/marshal/AbstractCompositeType.java,AbstractCompositeType.java,294,210,40,44,35,8936
Java,/Users/ropf/case_systems/cassandra/src/java/org/apache/cassandra/tools/NodeProbe.java,NodeProbe.java,664,513,64,87,7,21121
Java,/Users/ropf/case_systems/cassandra/src/java/org/apache/cassandra/cache/SerializingCache.java,SerializingCache.java,179,133,23,23,10,4841
Java,/Users/ropf/case_systems/cassandra/src/java/org/apache/cassandra/db/marshal/LongType.java,LongType.java,148,100,21,27,16,3510
Java,/Users/ropf/case_systems/cassandra/src/java/org/apache/cassandra/net/MessageProducer.java,MessageProducer.java,29,6,20,3,0,987
Java,/Users/ropf/case_systems/cassandra/src/java/org/apache/cassandra/db/marshal/UUIDType.java,UUIDType.java,260,179,45,36,46,7184
Java,/Users/ropf/case_systems/cassandra/src/java/org/apache/cassandra/db/marshal/TypeParser.java,TypeParser.java,427,326,45,56,80,14173
Java,/Users/ropf/case_systems/cassandra/src/java/org/apache/cassandra/cache/SerializingCacheProvider.java,SerializingCacheProvider.java,48,23,20,5,0,1661
Java,/Users/ropf/case_systems/cassandra/src/java/org/apache/cassandra/db/marshal/AbstractUUIDType.java,AbstractUUIDType.java,68,38,20,10,0,1528
Java,/Users/ropf/case_systems/cassandra/src/java/org/apache/cassandra/locator/OldNetworkTopologyStrategy.java,OldNetworkTopologyStrategy.java,117,73,31,13,15,4612
Java,/Users/ropf/case_systems/cassandra/src/java/org/apache/cassandra/cache/InstrumentingCache.java,InstrumentingCache.java,157,112,24,21,3,3767
Java,/Users/ropf/case_systems/cassandra/src/java/org/apache/cassandra/db/marshal/FloatType.java,FloatType.java,144,97,21,26,14,3566
Java,/Users/ropf/case_systems/cassandra/src/java/org/apache/cassandra/cache/AutoSavingRowCache.java,AutoSavingRowCache.java,48,22,20,6,1,1566
Java,/Users/ropf/case_systems/cassandra/src/java/org/apache/cassandra/db/marshal/MarshalException.java,MarshalException.java,35,12,20,3,0,1105
Java,/Users/ropf/case_systems/cassandra/src/java/org/apache/cassandra/db/marshal/IntegerType.java,IntegerType.java,208,141,33,34,34,5348
Java,/Users/ropf/case_systems/cassandra/src/java/org/apache/cassandra/net/ResponseVerbHandler.java,ResponseVerbHandler.java,58,33,17,8,5,2168
Java,/Users/ropf/case_systems/cassandra/src/java/org/apache/cassandra/net/MessagingServiceMBean.java,MessagingServiceMBean.java,82,15,54,13,0,2311
Java,/Users/ropf/case_systems/cassandra/src/java/org/apache/cassandra/net/MessageDeliveryTask.java,MessageDeliveryTask.java,61,35,17,9,5,2069
Java,/Users/ropf/case_systems/cassandra/src/java/org/apache/cassandra/net/OutboundTcpConnectionPool.java,OutboundTcpConnectionPool.java,55,27,21,7,6,1844
Java,/Users/ropf/case_systems/cassandra/src/java/org/apache/cassandra/tools/BulkLoader.java,BulkLoader.java,410,325,37,48,28,15263
XML,/Users/ropf/case_systems/cassandra/examples/hadoop_word_count/build.xml,build.xml,113,80,23,10,0,4437
XML,/Users/ropf/case_systems/cassandra/examples/hadoop_word_count/ivy.xml,ivy.xml,24,6,18,0,0,1033
Plain Text,/Users/ropf/case_systems/cassandra/examples/hadoop_word_count/README.txt,README.txt,34,26,0,8,0,1334
Java,/Users/ropf/case_systems/cassandra/src/java/org/apache/cassandra/net/OutboundTcpConnection.java,OutboundTcpConnection.java,203,161,23,19,20,5965
Java,/Users/ropf/case_systems/cassandra/src/java/org/apache/cassandra/net/CompactEndpointSerializationHelper.java,CompactEndpointSerializationHelper.java,41,20,17,4,0,1477
Plain Text,/Users/ropf/case_systems/cassandra/lib/licenses/json-simple-1.1.txt,json-simple-1.1.txt,202,169,0,33,0,11358
Java,/Users/ropf/case_systems/cassandra/src/java/org/apache/cassandra/locator/SimpleStrategy.java,SimpleStrategy.java,75,41,25,9,7,2670
Java,/Users/ropf/case_systems/cassandra/src/java/org/apache/cassandra/net/IMessageCallback.java,IMessageCallback.java,31,5,24,2,0,1077
Java,/Users/ropf/case_systems/cassandra/src/java/org/apache/cassandra/net/CachingMessageProducer.java,CachingMessageProducer.java,48,23,20,5,2,1508
Java,/Users/ropf/case_systems/cassandra/src/java/org/apache/cassandra/net/ProtocolHeader.java,ProtocolHeader.java,31,11,17,3,0,1178
Java,/Users/ropf/case_systems/cassandra/src/java/org/apache/cassandra/net/IncomingTcpConnection.java,IncomingTcpConnection.java,179,127,36,16,17,6926
Plain Text,/Users/ropf/case_systems/cassandra/lib/licenses/commons-cli-1.1.txt,commons-cli-1.1.txt,202,169,0,33,0,11358
Java,/Users/ropf/case_systems/cassandra/src/java/org/apache/cassandra/tools/NodeCmd.java,NodeCmd.java,891,717,53,121,96,38133
Java,/Users/ropf/case_systems/cassandra/src/java/org/apache/cassandra/tools/SSTableImport.java,SSTableImport.java,528,360,78,90,59,18134
Plain Text,/Users/ropf/case_systems/cassandra/lib/licenses/slf4j-log4j12-1.6.1.txt,slf4j-log4j12-1.6.1.txt,20,17,0,3,0,1077
Plain Text,/Users/ropf/case_systems/cassandra/lib/licenses/jetty-util-6.1.21.txt,jetty-util-6.1.21.txt,202,169,0,33,0,11358
Plain Text,/Users/ropf/case_systems/cassandra/lib/licenses/snakeyaml-1.6.txt,snakeyaml-1.6.txt,202,169,0,33,0,11358
Plain Text,/Users/ropf/case_systems/cassandra/lib/licenses/high-scale-lib-1.1.2.txt,high-scale-lib-1.1.2.txt,29,25,0,4,0,1596
Java,/Users/ropf/case_systems/cassandra/src/java/org/apache/cassandra/locator/PropertyFileSnitch.java,PropertyFileSnitch.java,164,103,45,16,6,5420
Java,/Users/ropf/case_systems/cassandra/src/java/org/apache/cassandra/locator/IEndpointSnitch.java,IEndpointSnitch.java,62,13,40,9,0,2201
Java,/Users/ropf/case_systems/cassandra/src/java/org/apache/cassandra/locator/DynamicEndpointSnitchMBean.java,DynamicEndpointSnitchMBean.java,34,13,18,3,0,1279
Plain Text,/Users/ropf/case_systems/cassandra/lib/licenses/log4j-1.2.16.txt,log4j-1.2.16.txt,202,169,0,33,0,11358
Plain Text,/Users/ropf/case_systems/cassandra/lib/licenses/guava-r08.txt,guava-r08.txt,202,169,0,33,0,11358
Plain Text,/Users/ropf/case_systems/cassandra/lib/licenses/jackson-core-asl-1.4.0.txt,jackson-core-asl-1.4.0.txt,202,169,0,33,0,11358
Java,/Users/ropf/case_systems/cassandra/src/java/org/apache/cassandra/locator/SeedProvider.java,SeedProvider.java,26,7,17,2,0,965
Java,/Users/ropf/case_systems/cassandra/src/java/org/apache/cassandra/net/Header.java,Header.java,135,92,20,23,4,3761
Java,/Users/ropf/case_systems/cassandra/src/java/org/apache/cassandra/locator/TokenMetadata.java,TokenMetadata.java,707,527,89,91,65,21961
Java,/Users/ropf/case_systems/cassandra/src/java/org/apache/cassandra/locator/SimpleSnitch.java,SimpleSnitch.java,51,23,22,6,0,1678
Java,/Users/ropf/case_systems/cassandra/src/java/org/apache/cassandra/net/sink/SinkManager.java,SinkManager.java,68,41,17,10,8,1936
Java,/Users/ropf/case_systems/cassandra/src/java/org/apache/cassandra/net/sink/IMessageSink.java,IMessageSink.java,28,7,17,4,0,1032
Java,/Users/ropf/case_systems/cassandra/src/java/org/apache/cassandra/locator/ILatencySubscriber.java,ILatencySubscriber.java,26,6,17,3,0,985
Shell,/Users/ropf/case_systems/cassandra/examples/hadoop_word_count/bin/word_count_counters,word_count_counters,58,31,19,8,7,1754
Java,/Users/ropf/case_systems/cassandra/examples/hadoop_word_count/src/WordCountSetup.java,WordCountSetup.java,184,139,22,23,6,7686
Java,/Users/ropf/case_systems/cassandra/src/java/org/apache/cassandra/locator/AbstractEndpointSnitch.java,AbstractEndpointSnitch.java,45,19,19,7,0,1605
Plain Text,/Users/ropf/case_systems/cassandra/lib/licenses/jamm-0.2.2.txt,jamm-0.2.2.txt,202,169,0,33,0,11358
Plain Text,/Users/ropf/case_systems/cassandra/lib/licenses/antlr-3.1.3.txt,antlr-3.1.3.txt,27,22,0,5,0,1406
Plain Text,/Users/ropf/case_systems/cassandra/lib/licenses/servlet-api-2.5-20081211.txt,servlet-api-2.5-20081211.txt,202,169,0,33,0,11358
Java,/Users/ropf/case_systems/cassandra/src/java/org/apache/cassandra/locator/EndpointSnitchInfo.java,EndpointSnitchInfo.java,56,30,20,6,0,1886
Java,/Users/ropf/case_systems/cassandra/src/java/org/apache/cassandra/locator/SimpleSeedProvider.java,SimpleSeedProvider.java,67,39,19,9,2,2083
Java,/Users/ropf/case_systems/cassandra/src/java/org/apache/cassandra/locator/LocalStrategy.java,LocalStrategy.java,52,26,19,7,0,1709
Plain Text,/Users/ropf/case_systems/cassandra/lib/licenses/commons-lang-2.4.txt,commons-lang-2.4.txt,202,169,0,33,0,11358
Plain Text,/Users/ropf/case_systems/cassandra/lib/licenses/slf4j-api-1.6.1.txt,slf4j-api-1.6.1.txt,20,17,0,3,0,1077
Java,/Users/ropf/case_systems/cassandra/src/java/org/apache/cassandra/locator/Ec2Snitch.java,Ec2Snitch.java,104,68,25,11,4,4333
Java,/Users/ropf/case_systems/cassandra/src/java/org/apache/cassandra/locator/RackInferringSnitch.java,RackInferringSnitch.java,38,13,21,4,0,1388
Plain Text,/Users/ropf/case_systems/cassandra/lib/licenses/commons-codec-1.2.txt,commons-codec-1.2.txt,202,169,0,33,0,11358
Plain Text,/Users/ropf/case_systems/cassandra/lib/licenses/jackson-mapper-asl-1.4.0.txt,jackson-mapper-asl-1.4.0.txt,202,169,0,33,0,11358
Java,/Users/ropf/case_systems/cassandra/src/java/org/apache/cassandra/locator/EndpointSnitchInfoMBean.java,EndpointSnitchInfoMBean.java,42,7,31,4,0,1442
Plain Text,/Users/ropf/case_systems/cassandra/lib/licenses/jline-0.9.94.txt,jline-0.9.94.txt,33,27,0,6,0,1489
Plain Text,/Users/ropf/case_systems/cassandra/lib/licenses/commons-collections-3.2.1.txt,commons-collections-3.2.1.txt,202,169,0,33,0,11358
Plain Text,/Users/ropf/case_systems/cassandra/lib/licenses/libthrift-0.5.txt,libthrift-0.5.txt,202,169,0,33,0,11358
Shell,/Users/ropf/case_systems/cassandra/examples/hadoop_word_count/bin/word_count,word_count,60,32,19,9,7,1803
Plain Text,/Users/ropf/case_systems/cassandra/lib/licenses/jetty-6.1.21.txt,jetty-6.1.21.txt,202,169,0,33,0,11358
Shell,/Users/ropf/case_systems/cassandra/examples/hadoop_word_count/bin/word_count_setup,word_count_setup,61,34,18,9,7,1849
Plain Text,/Users/ropf/case_systems/cassandra/lib/licenses/concurrentlinkedhashmap-lru-1.1.txt,concurrentlinkedhashmap-lru-1.1.txt,202,169,0,33,0,11358
Java,/Users/ropf/case_systems/cassandra/src/java/org/apache/cassandra/locator/NetworkTopologyStrategy.java,NetworkTopologyStrategy.java,158,102,36,20,16,6126
Plain Text,/Users/ropf/case_systems/cassandra/lib/licenses/avro-1.3.1-dev.txt,avro-1.3.1-dev.txt,202,169,0,33,0,11358
Java,/Users/ropf/case_systems/cassandra/src/java/org/apache/cassandra/locator/AbstractNetworkTopologySnitch.java,AbstractNetworkTopologySnitch.java,105,47,48,10,12,3745
Java,/Users/ropf/case_systems/cassandra/src/java/org/apache/cassandra/net/io/SerializerType.java,SerializerType.java,27,8,17,2,0,917
Java,/Users/ropf/case_systems/cassandra/src/java/org/apache/cassandra/locator/DynamicEndpointSnitch.java,DynamicEndpointSnitch.java,331,270,24,37,30,9835
XML,/Users/ropf/case_systems/cassandra/examples/client_only/build.xml,build.xml,70,46,19,5,0,2721
Java,/Users/ropf/case_systems/cassandra/src/java/org/apache/cassandra/locator/AbstractReplicationStrategy.java,AbstractReplicationStrategy.java,301,198,64,39,24,12052
Plain Text,/Users/ropf/case_systems/cassandra/examples/bmt/README.txt,README.txt,34,28,0,6,0,1748
XML,/Users/ropf/case_systems/cassandra/contrib/javautils/build.xml,build.xml,93,67,18,8,0,3385
Java,/Users/ropf/case_systems/cassandra/examples/bmt/CassandraBulkLoader.java,CassandraBulkLoader.java,293,207,58,28,5,11494
Plain Text,/Users/ropf/case_systems/cassandra/examples/client_only/README.txt,README.txt,49,41,0,8,0,2112
Java,/Users/ropf/case_systems/cassandra/examples/client_only/src/ClientOnlyExample.java,ClientOnlyExample.java,196,134,43,19,10,7447
Shell,/Users/ropf/case_systems/cassandra/test/cassandra.in.sh,cassandra.in.sh,53,26,21,6,1,2109
Plain Text,/Users/ropf/case_systems/cassandra/contrib/pig/README.txt,README.txt,66,48,0,18,0,2971
Java,/Users/ropf/case_systems/cassandra/examples/hadoop_word_count/src/WordCountCounters.java,WordCountCounters.java,105,66,23,16,1,4402
License,/Users/ropf/case_systems/cassandra/debian/copyright,copyright,10,7,0,3,0,413
Properties File,/Users/ropf/case_systems/cassandra/test/conf/log4j-server.properties,log4j-server.properties,25,6,16,3,0,1134
YAML,/Users/ropf/case_systems/cassandra/test/conf/cassandra.yaml,cassandra.yaml,36,32,4,0,0,1196
Shell,/Users/ropf/case_systems/cassandra/bin/nodetool,nodetool,62,36,19,7,6,2145
Batch,/Users/ropf/case_systems/cassandra/bin/cassandra.bat,cassandra.bat,74,57,5,12,6,2623
Java,/Users/ropf/case_systems/cassandra/contrib/javautils/src/main/java/org/apache/cassandra/contrib/utils/service/CassandraServiceDataCleaner.java,CassandraServiceDataCleaner.java,94,39,47,8,5,2918
Shell,/Users/ropf/case_systems/cassandra/bin/sstablekeys,sstablekeys,55,30,18,7,6,1780
Java,/Users/ropf/case_systems/cassandra/contrib/javautils/src/test/java/org/apache/cassandra/contrib/utils/service/CassandraServiceTest.java,CassandraServiceTest.java,154,86,45,23,2,5781
Properties File,/Users/ropf/case_systems/cassandra/test/conf/cassandra-topology.properties,cassandra-topology.properties,45,21,17,7,0,1277
YAML,/Users/ropf/case_systems/cassandra/examples/client_only/conf/cassandra.yaml,cassandra.yaml,491,88,355,48,0,22283
Java,/Users/ropf/case_systems/cassandra/contrib/pig/src/java/org/apache/cassandra/hadoop/pig/CassandraStorage.java,CassandraStorage.java,530,446,38,46,60,19729
Shell,/Users/ropf/case_systems/cassandra/debian/init,init,224,145,56,23,40,5975
Properties File,/Users/ropf/case_systems/cassandra/test/conf/log4j-junit.properties,log4j-junit.properties,37,12,21,4,0,1655
Batch,/Users/ropf/case_systems/cassandra/bin/sstable2json.bat,sstable2json.bat,67,46,5,16,7,2284
Shell,/Users/ropf/case_systems/cassandra/bin/sstable2json,sstable2json,51,26,18,7,5,1697
Properties File,/Users/ropf/case_systems/cassandra/test/conf/access.properties,access.properties,29,4,23,2,0,1353
Batch,/Users/ropf/case_systems/cassandra/bin/json2sstable.bat,json2sstable.bat,67,46,5,16,7,2284
Shell,/Users/ropf/case_systems/cassandra/bin/json2sstable,json2sstable,50,26,18,6,5,1696
Shell,/Users/ropf/case_systems/cassandra/examples/client_only/bin/client_only,client_only,56,28,19,9,6,1619
Shell,/Users/ropf/case_systems/cassandra/bin/cassandra.in.sh,cassandra.in.sh,41,12,23,6,3,1575
XML,/Users/ropf/case_systems/cassandra/contrib/pig/build.xml,build.xml,82,56,20,6,0,3445
Java,/Users/ropf/case_systems/cassandra/examples/hadoop_word_count/src/WordCount.java,WordCount.java,206,149,27,30,14,8290
Shell,/Users/ropf/case_systems/cassandra/debian/cassandra.in.sh,cassandra.in.sh,20,13,2,5,3,427
Shell,/Users/ropf/case_systems/cassandra/contrib/pig/bin/pig_cassandra,pig_cassandra,50,24,19,7,4,1628
Batch,/Users/ropf/case_systems/cassandra/bin/cassandra-cli.bat,cassandra-cli.bat,51,37,3,11,5,1806
Shell,/Users/ropf/case_systems/cassandra/bin/cassandra-cli,cassandra-cli,50,26,18,6,5,1667
Shell,/Users/ropf/case_systems/cassandra/bin/sstableloader,sstableloader,50,26,18,6,5,1672
Shell,/Users/ropf/case_systems/cassandra/bin/cassandra,cassandra,179,88,72,19,12,5968
Batch,/Users/ropf/case_systems/cassandra/bin/nodetool.bat,nodetool.bat,51,38,3,10,6,1920
Properties File,/Users/ropf/case_systems/cassandra/test/conf/datacenters.properties,datacenters.properties,26,6,18,2,0,1064
Batch,/Users/ropf/case_systems/cassandra/bin/sstablekeys.bat,sstablekeys.bat,61,42,5,14,7,2156
JSON,/Users/ropf/case_systems/cassandra/test/resources/UnsortedSuperCF.json,UnsortedSuperCF.json,5,5,0,0,0,1138
JSON,/Users/ropf/case_systems/cassandra/test/resources/SimpleCF.json,SimpleCF.json,4,4,0,0,0,279
Properties File,/Users/ropf/case_systems/cassandra/test/resources/whirr-default.properties,whirr-default.properties,22,5,17,0,0,942
Java,/Users/ropf/case_systems/cassandra/test/long/org/apache/cassandra/db/MeteredFlusherTest.java,MeteredFlusherTest.java,72,43,21,8,5,2607
Java,/Users/ropf/case_systems/cassandra/test/long/org/apache/cassandra/db/LongTableTest.java,LongTableTest.java,85,58,17,10,4,3151
Java,/Users/ropf/case_systems/cassandra/test/long/org/apache/cassandra/utils/LongBloomFilterTest.java,LongBloomFilterTest.java,66,39,21,6,1,2437
Java,/Users/ropf/case_systems/cassandra/test/long/org/apache/cassandra/utils/LongLegacyBloomFilterTest.java,LongLegacyBloomFilterTest.java,66,39,21,6,1,2467
Plain Text,/Users/ropf/case_systems/cassandra/test/distributed/README.txt,README.txt,57,43,0,14,0,1776
Java,/Users/ropf/case_systems/cassandra/test/long/org/apache/cassandra/db/compaction/LongCompactionSpeedTest.java,LongCompactionSpeedTest.java,202,136,40,26,7,7572
Python,/Users/ropf/case_systems/cassandra/test/system/test_cql.py,test_cql.py,1380,1355,18,7,8,57181
Java,/Users/ropf/case_systems/cassandra/test/distributed/org/apache/cassandra/CountersTest.java,CountersTest.java,88,54,19,15,1,3306
Java,/Users/ropf/case_systems/cassandra/test/unit/org/apache/cassandra/client/TestRingCache.java,TestRingCache.java,113,71,29,13,2,4818
Java,/Users/ropf/case_systems/cassandra/test/unit/org/apache/cassandra/SchemaLoader.java,SchemaLoader.java,267,207,31,29,2,12616
Java,/Users/ropf/case_systems/cassandra/test/distributed/org/apache/cassandra/MutationTest.java,MutationTest.java,188,124,28,36,0,7022
Java,/Users/ropf/case_systems/cassandra/test/distributed/org/apache/cassandra/MovementTest.java,MovementTest.java,125,82,26,17,3,4841
Plain Text,/Users/ropf/case_systems/cassandra/tools/stress/README.txt,README.txt,59,51,0,8,0,2441
Java,/Users/ropf/case_systems/cassandra/test/distributed/org/apache/cassandra/CassandraServiceController.java,CassandraServiceController.java,336,262,27,47,23,10885
Java,/Users/ropf/case_systems/cassandra/test/unit/org/apache/cassandra/AbstractSerializationsTester.java,AbstractSerializationsTester.java,61,34,20,7,0,2166
Java,/Users/ropf/case_systems/cassandra/test/unit/org/apache/cassandra/Util.java,Util.java,203,145,30,28,9,7384
Python,/Users/ropf/case_systems/cassandra/test/system/__init__.py,__init__.py,182,132,25,25,15,7728
Java,/Users/ropf/case_systems/cassandra/test/unit/org/apache/cassandra/EmbeddedServer.java,EmbeddedServer.java,84,56,18,10,3,2349
Java,/Users/ropf/case_systems/cassandra/test/distributed/org/apache/cassandra/TestBase.java,TestBase.java,327,264,23,40,9,11234
Java,/Users/ropf/case_systems/cassandra/test/unit/org/apache/cassandra/CleanupHelper.java,CleanupHelper.java,108,75,21,12,6,3929
Shell,/Users/ropf/case_systems/cassandra/tools/stress/bin/stressd,stressd,87,55,18,14,8,2354
Java,/Users/ropf/case_systems/cassandra/tools/stress/src/org/apache/cassandra/stress/StressServer.java,StressServer.java,71,44,17,10,2,2227
Java,/Users/ropf/case_systems/cassandra/tools/stress/src/org/apache/cassandra/stress/Stress.java,Stress.java,143,100,20,23,9,4187
Java,/Users/ropf/case_systems/cassandra/tools/stress/src/org/apache/cassandra/stress/StressAction.java,StressAction.java,256,173,31,52,24,7352
Java,/Users/ropf/case_systems/cassandra/tools/stress/src/org/apache/cassandra/stress/operations/RangeSlicer.java,RangeSlicer.java,142,100,18,24,12,5668
Java,/Users/ropf/case_systems/cassandra/tools/stress/src/org/apache/cassandra/stress/operations/CounterGetter.java,CounterGetter.java,151,106,20,25,13,5211
Java,/Users/ropf/case_systems/cassandra/tools/stress/src/org/apache/cassandra/stress/operations/Inserter.java,Inserter.java,144,100,19,25,13,5301
JSON,/Users/ropf/case_systems/cassandra/test/resources/CounterCF.json,CounterCF.json,3,3,0,0,0,133
Java,/Users/ropf/case_systems/cassandra/tools/stress/src/org/apache/cassandra/stress/Session.java,Session.java,504,374,38,92,42,18567
Java,/Users/ropf/case_systems/cassandra/tools/stress/src/org/apache/cassandra/stress/operations/IndexedRangeSlicer.java,IndexedRangeSlicer.java,133,85,23,25,10,4808
JSON,/Users/ropf/case_systems/cassandra/test/resources/SuperCF.json,SuperCF.json,4,4,0,0,0,369
JSON,/Users/ropf/case_systems/cassandra/test/resources/SimpleCF.oldformat.json,SimpleCF.oldformat.json,4,4,0,0,0,310
Java,/Users/ropf/case_systems/cassandra/tools/stress/src/org/apache/cassandra/stress/operations/MultiGetter.java,MultiGetter.java,150,107,17,26,14,5501
Java,/Users/ropf/case_systems/cassandra/tools/stress/src/org/apache/cassandra/stress/operations/Reader.java,Reader.java,153,107,20,26,13,5224
Java,/Users/ropf/case_systems/cassandra/tools/stress/src/org/apache/cassandra/stress/operations/CounterAdder.java,CounterAdder.java,139,96,19,24,11,5153
Java,/Users/ropf/case_systems/cassandra/tools/stress/src/org/apache/cassandra/stress/server/StressThread.java,StressThread.java,79,52,18,9,3,2304
Shell,/Users/ropf/case_systems/cassandra/test/resources/functions/stop_cassandra.sh,stop_cassandra.sh,28,7,18,3,0,979
Shell,/Users/ropf/case_systems/cassandra/test/resources/functions/install_cassandra.sh,install_cassandra.sh,55,29,18,8,2,2170
Java,/Users/ropf/case_systems/cassandra/tools/stress/src/org/apache/cassandra/stress/util/Operation.java,Operation.java,217,124,57,36,12,6546
XML,/Users/ropf/case_systems/cassandra/tools/stress/build.xml,build.xml,70,45,18,7,0,2716
Java,/Users/ropf/case_systems/cassandra/test/unit/org/apache/cassandra/service/StorageServiceClientTest.java,StorageServiceClientTest.java,48,24,19,5,1,1656
Shell,/Users/ropf/case_systems/cassandra/tools/stress/bin/stress,stress,51,26,18,7,6,1703
Java,/Users/ropf/case_systems/cassandra/test/unit/org/apache/cassandra/service/StorageProxyTest.java,StorageProxyTest.java,114,71,33,10,1,4605
Java,/Users/ropf/case_systems/cassandra/test/unit/org/apache/cassandra/service/InitClientTest.java,InitClientTest.java,35,12,17,6,0,1167
Python,/Users/ropf/case_systems/cassandra/test/system/test_thrift_server.py,test_thrift_server.py,1948,1859,41,48,48,100073
Java,/Users/ropf/case_systems/cassandra/test/distributed/org/apache/cassandra/utils/KeyPair.java,KeyPair.java,49,20,24,5,0,1864
Java,/Users/ropf/case_systems/cassandra/test/unit/org/apache/cassandra/service/CassandraServerTest.java,CassandraServerTest.java,60,9,48,3,0,2128
Java,/Users/ropf/case_systems/cassandra/test/unit/org/apache/cassandra/concurrent/DebuggableThreadPoolExecutorTest.java,DebuggableThreadPoolExecutorTest.java,60,35,20,5,2,2292
Java,/Users/ropf/case_systems/cassandra/test/unit/org/apache/cassandra/service/ConsistencyLevelTest.java,ConsistencyLevelTest.java,190,140,21,29,17,7229
Java,/Users/ropf/case_systems/cassandra/test/unit/org/apache/cassandra/db/RecoveryManager2Test.java,RecoveryManager2Test.java,79,43,24,12,2,2796
Java,/Users/ropf/case_systems/cassandra/test/unit/org/apache/cassandra/db/KeyCacheTest.java,KeyCacheTest.java,146,88,32,26,9,5469
Java,/Users/ropf/case_systems/cassandra/test/unit/org/apache/cassandra/service/SerializationsTest.java,SerializationsTest.java,105,74,20,11,9,4644
Java,/Users/ropf/case_systems/cassandra/test/unit/org/apache/cassandra/db/RecoveryManager3Test.java,RecoveryManager3Test.java,79,45,21,13,2,2732
Java,/Users/ropf/case_systems/cassandra/test/distributed/org/apache/cassandra/utils/BlobUtils.java,BlobUtils.java,163,112,24,27,5,6088
Java,/Users/ropf/case_systems/cassandra/test/unit/org/apache/cassandra/service/MoveTest.java,MoveTest.java,558,391,93,74,29,29553
Java,/Users/ropf/case_systems/cassandra/test/unit/org/apache/cassandra/db/RowIterationTest.java,RowIterationTest.java,112,76,21,15,4,4465
Java,/Users/ropf/case_systems/cassandra/test/unit/org/apache/cassandra/db/CleanupTest.java,CleanupTest.java,154,101,29,24,1,6467
Java,/Users/ropf/case_systems/cassandra/test/unit/org/apache/cassandra/db/NameSortTest.java,NameSortTest.java,135,95,23,17,15,4982
Shell,/Users/ropf/case_systems/cassandra/test/resources/functions/wipe_cassandra.sh,wipe_cassandra.sh,27,8,16,3,0,941
Shell,/Users/ropf/case_systems/cassandra/test/resources/functions/start_cassandra.sh,start_cassandra.sh,27,7,17,3,0,940
Shell,/Users/ropf/case_systems/cassandra/test/resources/functions/nodetool_cassandra.sh,nodetool_cassandra.sh,26,7,16,3,0,899
Shell,/Users/ropf/case_systems/cassandra/test/resources/functions/configure_cassandra.sh,configure_cassandra.sh,85,54,22,9,7,3026
Java,/Users/ropf/case_systems/cassandra/test/unit/org/apache/cassandra/db/SerializationsTest.java,SerializationsTest.java,339,281,21,37,43,17425
Java,/Users/ropf/case_systems/cassandra/test/unit/org/apache/cassandra/hadoop/ColumnFamilyInputFormatTest.java,ColumnFamilyInputFormatTest.java,52,25,20,7,1,1872
Java,/Users/ropf/case_systems/cassandra/test/unit/org/apache/cassandra/thrift/ThriftValidationTest.java,ThriftValidationTest.java,147,91,27,29,0,4915
Java,/Users/ropf/case_systems/cassandra/test/unit/org/apache/cassandra/gms/ArrivalWindowTest.java,ArrivalWindowTest.java,50,18,23,9,0,1403
Java,/Users/ropf/case_systems/cassandra/test/unit/org/apache/cassandra/gms/SerializationsTest.java,SerializationsTest.java,115,83,20,12,13,5084
Java,/Users/ropf/case_systems/cassandra/test/unit/org/apache/cassandra/streaming/SerializationsTest.java,SerializationsTest.java,205,164,21,20,26,9399
Java,/Users/ropf/case_systems/cassandra/test/unit/org/apache/cassandra/service/AntiEntropyServiceTestAbstract.java,AntiEntropyServiceTestAbstract.java,283,199,40,44,10,10237
Java,/Users/ropf/case_systems/cassandra/test/unit/org/apache/cassandra/gms/GossipDigestTest.java,GossipDigestTest.java,60,28,22,10,0,2168
Java,/Users/ropf/case_systems/cassandra/test/unit/org/apache/cassandra/db/RemoveSubColumnTest.java,RemoveSubColumnTest.java,61,33,20,8,0,2352
Java,/Users/ropf/case_systems/cassandra/test/unit/org/apache/cassandra/streaming/StreamingTransferTest.java,StreamingTransferTest.java,205,149,31,25,14,9671
Java,/Users/ropf/case_systems/cassandra/test/unit/org/apache/cassandra/service/AntiEntropyServiceCounterTest.java,AntiEntropyServiceCounterTest.java,47,23,20,4,0,1653
Java,/Users/ropf/case_systems/cassandra/test/unit/org/apache/cassandra/db/ReadMessageTest.java,ReadMessageTest.java,139,92,19,28,4,5695
Java,/Users/ropf/case_systems/cassandra/test/unit/org/apache/cassandra/cli/CliTest.java,CliTest.java,288,248,27,13,21,12962
Java,/Users/ropf/case_systems/cassandra/test/unit/org/apache/cassandra/streaming/StreamUtil.java,StreamUtil.java,54,26,22,6,0,1876
Java,/Users/ropf/case_systems/cassandra/test/unit/org/apache/cassandra/db/RecoveryManagerTest.java,RecoveryManagerTest.java,105,67,18,20,4,3503
Java,/Users/ropf/case_systems/cassandra/test/unit/org/apache/cassandra/service/StorageServiceAccessor.java,StorageServiceAccessor.java,29,9,17,3,0,1087
Java,/Users/ropf/case_systems/cassandra/test/unit/org/apache/cassandra/db/TimeSortTest.java,TimeSortTest.java,136,98,21,17,9,5425
Java,/Users/ropf/case_systems/cassandra/test/unit/org/apache/cassandra/streaming/BootstrapTest.java,BootstrapTest.java,53,25,20,8,0,2075
Java,/Users/ropf/case_systems/cassandra/test/unit/org/apache/cassandra/service/StorageServiceServerTest.java,StorageServiceServerTest.java,71,39,24,8,1,2591
Java,/Users/ropf/case_systems/cassandra/test/unit/org/apache/cassandra/db/SystemTableTest.java,SystemTableTest.java,55,28,20,7,0,1995
Java,/Users/ropf/case_systems/cassandra/test/unit/org/apache/cassandra/db/RemoveColumnTest.java,RemoveColumnTest.java,63,33,20,10,0,2491
Java,/Users/ropf/case_systems/cassandra/test/unit/org/apache/cassandra/utils/ByteBufferUtilTest.java,ByteBufferUtilTest.java,252,193,22,37,18,8045
Java,/Users/ropf/case_systems/cassandra/test/unit/org/apache/cassandra/utils/MerkleTreeTest.java,MerkleTreeTest.java,518,384,60,74,18,17385
Java,/Users/ropf/case_systems/cassandra/test/unit/org/apache/cassandra/db/CounterMutationTest.java,CounterMutationTest.java,126,83,22,21,15,4811
Java,/Users/ropf/case_systems/cassandra/test/unit/org/apache/cassandra/db/ScrubTest.java,ScrubTest.java,194,131,25,38,7,6829
Java,/Users/ropf/case_systems/cassandra/test/unit/org/apache/cassandra/db/RemoveSuperColumnTest.java,RemoveSuperColumnTest.java,201,140,29,32,8,8480
Java,/Users/ropf/case_systems/cassandra/test/unit/org/apache/cassandra/db/RowCacheTest.java,RowCacheTest.java,147,85,31,31,16,6206
Java,/Users/ropf/case_systems/cassandra/test/unit/org/apache/cassandra/db/TableTest.java,TableTest.java,578,443,36,99,13,26048
Java,/Users/ropf/case_systems/cassandra/test/unit/org/apache/cassandra/db/RecoveryManagerTruncateTest.java,RecoveryManagerTruncateTest.java,97,60,26,11,4,3123
Java,/Users/ropf/case_systems/cassandra/test/unit/org/apache/cassandra/db/CounterColumnTest.java,CounterColumnTest.java,322,215,36,71,47,13524
Java,/Users/ropf/case_systems/cassandra/test/unit/org/apache/cassandra/db/RemoveColumnFamilyTest.java,RemoveColumnFamilyTest.java,61,32,20,9,0,2314
Java,/Users/ropf/case_systems/cassandra/test/unit/org/apache/cassandra/db/RemoveColumnFamilyWithFlush2Test.java,RemoveColumnFamilyWithFlush2Test.java,61,33,20,8,0,2369
Java,/Users/ropf/case_systems/cassandra/test/unit/org/apache/cassandra/db/MultitableTest.java,MultitableTest.java,65,35,20,10,0,2241
Java,/Users/ropf/case_systems/cassandra/test/unit/org/apache/cassandra/utils/KeyGenerator.java,KeyGenerator.java,170,126,18,26,6,4625
Java,/Users/ropf/case_systems/cassandra/test/unit/org/apache/cassandra/utils/FilterTestHelper.java,FilterTestHelper.java,82,50,19,13,4,2468
Java,/Users/ropf/case_systems/cassandra/test/unit/org/apache/cassandra/utils/EstimatedHistogramTest.java,EstimatedHistogramTest.java,74,46,19,9,0,2272
Java,/Users/ropf/case_systems/cassandra/test/unit/org/apache/cassandra/utils/LegacyBloomFilterTest.java,LegacyBloomFilterTest.java,132,94,20,18,5,4232
Java,/Users/ropf/case_systems/cassandra/test/unit/org/apache/cassandra/utils/SerializationsTest.java,SerializationsTest.java,117,83,20,14,11,4308
Java,/Users/ropf/case_systems/cassandra/test/unit/org/apache/cassandra/utils/BoundedStatsDequeTest.java,BoundedStatsDequeTest.java,78,42,24,12,0,2512
Java,/Users/ropf/case_systems/cassandra/test/unit/org/apache/cassandra/io/BloomFilterTrackerTest.java,BloomFilterTrackerTest.java,72,45,20,7,0,2612
Java,/Users/ropf/case_systems/cassandra/test/unit/org/apache/cassandra/utils/FBUtilitiesTest.java,FBUtilitiesTest.java,132,99,20,13,10,4280
Java,/Users/ropf/case_systems/cassandra/test/unit/org/apache/cassandra/db/DefsTest.java,DefsTest.java,829,637,72,120,71,35690
Java,/Users/ropf/case_systems/cassandra/test/unit/org/apache/cassandra/utils/UUIDTests.java,UUIDTests.java,78,47,20,11,2,2690
Java,/Users/ropf/case_systems/cassandra/test/unit/org/apache/cassandra/utils/ResetableIterator.java,ResetableIterator.java,27,6,18,3,0,961
Java,/Users/ropf/case_systems/cassandra/test/unit/org/apache/cassandra/utils/BloomFilterTest.java,BloomFilterTest.java,140,100,20,20,5,4312
Java,/Users/ropf/case_systems/cassandra/test/unit/org/apache/cassandra/db/SuperColumnTest.java,SuperColumnTest.java,107,74,19,14,2,4275
Java,/Users/ropf/case_systems/cassandra/test/unit/org/apache/cassandra/db/ColumnFamilyStoreTest.java,ColumnFamilyStoreTest.java,654,484,64,106,34,33246
Java,/Users/ropf/case_systems/cassandra/test/unit/org/apache/cassandra/io/CompactSerializerTest.java,CompactSerializerTest.java,152,121,22,9,16,6190
Java,/Users/ropf/case_systems/cassandra/test/unit/org/apache/cassandra/io/LazilyCompactedRowTest.java,LazilyCompactedRowTest.java,333,247,27,59,13,13574
Java,/Users/ropf/case_systems/cassandra/test/unit/org/apache/cassandra/service/LeaveAndBootstrapTest.java,LeaveAndBootstrapTest.java,626,446,76,104,43,34722
Java,/Users/ropf/case_systems/cassandra/test/unit/org/apache/cassandra/db/RowTest.java,RowTest.java,98,62,20,16,2,3402
Java,/Users/ropf/case_systems/cassandra/test/unit/org/apache/cassandra/io/util/BufferedRandomAccessFileTest.java,BufferedRandomAccessFileTest.java,705,513,58,134,41,22897
Java,/Users/ropf/case_systems/cassandra/test/unit/org/apache/cassandra/io/sstable/SSTableUtils.java,SSTableUtils.java,201,146,34,21,14,7548
Java,/Users/ropf/case_systems/cassandra/test/unit/org/apache/cassandra/io/sstable/SSTableReaderTest.java,SSTableReaderTest.java,197,138,32,27,11,7891
Java,/Users/ropf/case_systems/cassandra/test/unit/org/apache/cassandra/io/sstable/SSTableTest.java,SSTableTest.java,101,66,22,13,2,4193
Java,/Users/ropf/case_systems/cassandra/test/unit/org/apache/cassandra/io/sstable/SSTableWriterTest.java,SSTableWriterTest.java,97,60,25,12,1,4464
Java,/Users/ropf/case_systems/cassandra/test/unit/org/apache/cassandra/io/sstable/LegacySSTableTest.java,LegacySSTableTest.java,116,62,43,11,5,4343
Java,/Users/ropf/case_systems/cassandra/test/unit/org/apache/cassandra/io/sstable/DescriptorTest.java,DescriptorTest.java,63,30,23,10,1,2110
Java,/Users/ropf/case_systems/cassandra/test/unit/org/apache/cassandra/dht/RandomPartitionerTest.java,RandomPartitionerTest.java,35,11,20,4,0,1146
Java,/Users/ropf/case_systems/cassandra/test/unit/org/apache/cassandra/dht/BootStrapperTest.java,BootStrapperTest.java,211,159,26,26,13,9182
Java,/Users/ropf/case_systems/cassandra/test/unit/org/apache/cassandra/dht/OrderPreservingPartitionerTest.java,OrderPreservingPartitionerTest.java,45,22,18,5,2,1557
Java,/Users/ropf/case_systems/cassandra/test/unit/org/apache/cassandra/dht/CollatingOrderPreservingPartitionerTest.java,CollatingOrderPreservingPartitionerTest.java,56,29,21,6,3,1925
Java,/Users/ropf/case_systems/cassandra/test/unit/org/apache/cassandra/dht/PartitionerTestCase.java,PartitionerTestCase.java,117,79,21,17,6,3364
Java,/Users/ropf/case_systems/cassandra/test/unit/org/apache/cassandra/config/ColumnDefinitionTest.java,ColumnDefinitionTest.java,57,30,20,7,2,2162
Java,/Users/ropf/case_systems/cassandra/test/unit/org/apache/cassandra/auth/SimpleAuthorityTest.java,SimpleAuthorityTest.java,84,55,18,11,0,3710
Java,/Users/ropf/case_systems/cassandra/test/unit/org/apache/cassandra/config/DatabaseDescriptorTest.java,DatabaseDescriptorTest.java,102,64,23,15,12,4018
Java,/Users/ropf/case_systems/cassandra/test/unit/org/apache/cassandra/cache/CacheProviderTest.java,CacheProviderTest.java,122,84,23,15,4,3809
Java,/Users/ropf/case_systems/cassandra/test/unit/org/apache/cassandra/dht/RangeTest.java,RangeTest.java,462,350,37,75,9,19189
Java,/Users/ropf/case_systems/cassandra/test/unit/org/apache/cassandra/tools/SSTableImportTest.java,SSTableImportTest.java,155,109,27,19,12,7327
Java,/Users/ropf/case_systems/cassandra/test/unit/org/apache/cassandra/io/sstable/SSTableSimpleWriterTest.java,SSTableSimpleWriterTest.java,104,63,24,17,9,3663
Java,/Users/ropf/case_systems/cassandra/test/unit/org/apache/cassandra/locator/EC2SnitchTest.java,EC2SnitchTest.java,72,41,20,11,0,2546
Java,/Users/ropf/case_systems/cassandra/test/unit/org/apache/cassandra/tools/SSTableExportTest.java,SSTableExportTest.java,270,180,37,53,9,12065
Java,/Users/ropf/case_systems/cassandra/test/unit/org/apache/cassandra/locator/SimpleStrategyTest.java,SimpleStrategyTest.java,189,140,24,25,13,7808
Java,/Users/ropf/case_systems/cassandra/test/unit/org/apache/cassandra/locator/TokenMetadataTest.java,TokenMetadataTest.java,87,57,18,12,1,2926
Java,/Users/ropf/case_systems/cassandra/test/unit/org/apache/cassandra/locator/NetworkTopologyStrategyTest.java,NetworkTopologyStrategyTest.java,116,77,26,13,12,4870
Java,/Users/ropf/case_systems/cassandra/test/unit/org/apache/cassandra/locator/OldNetworkTopologyStrategyTest.java,OldNetworkTopologyStrategyTest.java,165,104,36,25,3,6173
Java,/Users/ropf/case_systems/cassandra/test/unit/org/apache/cassandra/locator/ReplicationStrategyEndpointCacheTest.java,ReplicationStrategyEndpointCacheTest.java,174,123,23,28,4,7676
Java,/Users/ropf/case_systems/cassandra/test/unit/org/apache/cassandra/locator/DynamicEndpointSnitchTest.java,DynamicEndpointSnitchTest.java,108,68,24,16,3,3540
Plain Text,/Users/ropf/case_systems/cassandra/tools/py_stress/README.txt,README.txt,67,54,0,13,0,2653
Java,/Users/ropf/case_systems/cassandra/test/unit/org/apache/cassandra/service/EmbeddedCassandraServiceTest.java,EmbeddedCassandraServiceTest.java,114,60,40,14,0,4069
Java,/Users/ropf/case_systems/cassandra/test/unit/org/apache/cassandra/service/RemoveTest.java,RemoveTest.java,170,123,21,26,3,5641
Java,/Users/ropf/case_systems/cassandra/test/unit/org/apache/cassandra/service/AntiEntropyServiceStandardTest.java,AntiEntropyServiceStandardTest.java,47,23,20,4,0,1597
Python,/Users/ropf/case_systems/cassandra/tools/py_stress/stress.py,stress.py,522,462,37,23,27,22725
Java,/Users/ropf/case_systems/cassandra/test/unit/org/apache/cassandra/service/RowResolverTest.java,RowResolverTest.java,204,132,32,40,0,8226
Java,/Users/ropf/case_systems/cassandra/test/unit/org/apache/cassandra/io/sstable/SSTableWriterCommutativeTest.java,SSTableWriterCommutativeTest.java,139,93,27,19,4,6265
Java,/Users/ropf/case_systems/cassandra/test/unit/org/apache/cassandra/io/sstable/IndexHelperTest.java,IndexHelperTest.java,56,31,18,7,10,2332
Java,/Users/ropf/case_systems/cassandra/test/unit/org/apache/cassandra/db/CommitLogTest.java,CommitLogTest.java,194,128,33,33,7,7149
Java,/Users/ropf/case_systems/cassandra/test/unit/org/apache/cassandra/db/context/CounterContextTest.java,CounterContextTest.java,416,295,42,79,14,16703
Java,/Users/ropf/case_systems/cassandra/test/unit/org/apache/cassandra/db/marshal/TimeUUIDTypeTest.java,TimeUUIDTypeTest.java,119,83,19,17,4,4726
Java,/Users/ropf/case_systems/cassandra/test/unit/org/apache/cassandra/db/marshal/TypeParserTest.java,TypeParserTest.java,93,60,18,15,11,2966
Java,/Users/ropf/case_systems/cassandra/test/unit/org/apache/cassandra/db/marshal/IntegerTypeTest.java,IntegerTypeTest.java,196,155,18,23,4,7635
Java,/Users/ropf/case_systems/cassandra/test/unit/org/apache/cassandra/db/marshal/TypeValidationTest.java,TypeValidationTest.java,121,77,26,18,5,4324
Java,/Users/ropf/case_systems/cassandra/test/unit/org/apache/cassandra/dht/ByteOrderedPartitionerTest.java,ByteOrderedPartitionerTest.java,31,10,18,3,0,1081
Java,/Users/ropf/case_systems/cassandra/test/unit/org/apache/cassandra/db/marshal/RoundTripTest.java,RoundTripTest.java,145,111,21,13,2,7221
Thrift,/Users/ropf/case_systems/cassandra/interface/cassandra.thrift,cassandra.thrift,659,285,289,85,0,28213
Java,/Users/ropf/case_systems/cassandra/interface/thrift/gen-java/org/apache/cassandra/thrift/Mutation.java,Mutation.java,432,321,50,61,79,13486
Java,/Users/ropf/case_systems/cassandra/test/unit/org/apache/cassandra/db/compaction/CompactionsTest.java,CompactionsTest.java,266,185,39,42,21,10851
Java,/Users/ropf/case_systems/cassandra/interface/thrift/gen-java/org/apache/cassandra/thrift/ConsistencyLevel.java,ConsistencyLevel.java,125,43,74,8,1,5216
Java,/Users/ropf/case_systems/cassandra/interface/thrift/gen-java/org/apache/cassandra/thrift/Deletion.java,Deletion.java,533,412,49,72,105,16262
Java,/Users/ropf/case_systems/cassandra/test/unit/org/apache/cassandra/db/RemoveColumnFamilyWithFlush1Test.java,RemoveColumnFamilyWithFlush1Test.java,63,34,20,9,0,2447
Java,/Users/ropf/case_systems/cassandra/test/unit/org/apache/cassandra/db/ColumnFamilyTest.java,ColumnFamilyTest.java,148,98,25,25,9,5873
Java,/Users/ropf/case_systems/cassandra/interface/thrift/gen-java/org/apache/cassandra/thrift/CounterSuperColumn.java,CounterSuperColumn.java,481,369,45,67,88,14135
Java,/Users/ropf/case_systems/cassandra/test/unit/org/apache/cassandra/db/migration/SerializationsTest.java,SerializationsTest.java,80,52,20,8,3,3039
Java,/Users/ropf/case_systems/cassandra/interface/thrift/gen-java/org/apache/cassandra/thrift/TokenRange.java,TokenRange.java,566,446,46,74,117,17212
Java,/Users/ropf/case_systems/cassandra/test/unit/org/apache/cassandra/db/marshal/ReversedTypeTest.java,ReversedTypeTest.java,40,16,19,5,4,1456
Java,/Users/ropf/case_systems/cassandra/test/unit/org/apache/cassandra/db/marshal/UUIDTypeTest.java,UUIDTypeTest.java,236,179,21,36,38,6723
Java,/Users/ropf/case_systems/cassandra/test/unit/org/apache/cassandra/db/marshal/DynamicCompositeTypeTest.java,DynamicCompositeTypeTest.java,246,197,20,29,20,8978
Java,/Users/ropf/case_systems/cassandra/test/unit/org/apache/cassandra/db/marshal/CompositeTypeTest.java,CompositeTypeTest.java,268,216,20,32,20,9019
Java,/Users/ropf/case_systems/cassandra/test/unit/org/apache/cassandra/db/compaction/CompactionsPurgeTest.java,CompactionsPurgeTest.java,236,160,39,37,15,8979
Java,/Users/ropf/case_systems/cassandra/interface/thrift/gen-java/org/apache/cassandra/thrift/ColumnParent.java,ColumnParent.java,448,333,51,64,81,13668
Java,/Users/ropf/case_systems/cassandra/interface/thrift/gen-java/org/apache/cassandra/thrift/KeyRange.java,KeyRange.java,750,598,57,95,165,22665
Java,/Users/ropf/case_systems/cassandra/interface/thrift/gen-java/org/apache/cassandra/thrift/IndexExpression.java,IndexExpression.java,567,430,62,75,114,16390
Java,/Users/ropf/case_systems/cassandra/interface/thrift/gen-java/org/apache/cassandra/thrift/Column.java,Column.java,643,505,54,84,131,18971
Java,/Users/ropf/case_systems/cassandra/interface/thrift/gen-java/org/apache/cassandra/thrift/AuthorizationException.java,AuthorizationException.java,338,238,47,53,48,9361
Java,/Users/ropf/case_systems/cassandra/test/unit/org/apache/cassandra/db/compaction/OneCompactionTest.java,OneCompactionTest.java,75,46,18,11,1,2766
Java,/Users/ropf/case_systems/cassandra/interface/thrift/gen-java/org/apache/cassandra/thrift/SchemaDisagreementException.java,SchemaDisagreementException.java,235,149,45,41,18,6597
Java,/Users/ropf/case_systems/cassandra/interface/thrift/gen-java/org/apache/cassandra/thrift/CounterColumn.java,CounterColumn.java,442,332,46,64,70,12673
Java,/Users/ropf/case_systems/cassandra/interface/thrift/gen-java/org/apache/cassandra/thrift/KeySlice.java,KeySlice.java,488,369,52,67,88,14285
Java,/Users/ropf/case_systems/cassandra/interface/thrift/gen-java/org/apache/cassandra/thrift/CqlResult.java,CqlResult.java,578,442,62,74,110,16156
Java,/Users/ropf/case_systems/cassandra/interface/thrift/gen-java/org/apache/cassandra/thrift/IndexClause.java,IndexClause.java,579,454,47,78,108,17864
Java,/Users/ropf/case_systems/cassandra/interface/thrift/gen-java/org/apache/cassandra/thrift/TimedOutException.java,TimedOutException.java,235,149,45,41,18,6501
Java,/Users/ropf/case_systems/cassandra/interface/thrift/gen-java/org/apache/cassandra/thrift/SlicePredicate.java,SlicePredicate.java,477,356,57,64,86,15127
Java,/Users/ropf/case_systems/cassandra/interface/thrift/gen-java/org/apache/cassandra/thrift/KsDef.java,KsDef.java,905,735,61,109,202,29553
Java,/Users/ropf/case_systems/cassandra/interface/thrift/gen-java/org/apache/cassandra/thrift/AuthenticationRequest.java,AuthenticationRequest.java,383,277,47,59,54,11785
Java,/Users/ropf/case_systems/cassandra/interface/thrift/gen-java/org/apache/cassandra/thrift/ColumnPath.java,ColumnPath.java,559,428,56,75,114,17017
Java,/Users/ropf/case_systems/cassandra/interface/thrift/gen-java/org/apache/cassandra/thrift/AuthenticationException.java,AuthenticationException.java,338,238,47,53,48,9405
Java,/Users/ropf/case_systems/cassandra/interface/thrift/gen-java/org/apache/cassandra/thrift/UnavailableException.java,UnavailableException.java,235,149,45,41,18,6492
Java,/Users/ropf/case_systems/cassandra/interface/thrift/gen-java/org/apache/cassandra/thrift/NotFoundException.java,NotFoundException.java,235,149,45,41,18,6434
Java,/Users/ropf/case_systems/cassandra/interface/thrift/gen-java/org/apache/cassandra/thrift/IndexOperator.java,IndexOperator.java,74,34,32,8,1,1815
Java,/Users/ropf/case_systems/cassandra/interface/thrift/gen-java/org/apache/cassandra/thrift/KeyCount.java,KeyCount.java,442,332,46,64,70,12494
Java,/Users/ropf/case_systems/cassandra/interface/thrift/gen-java/org/apache/cassandra/thrift/SliceRange.java,SliceRange.java,663,510,65,88,123,20700
Java,/Users/ropf/case_systems/cassandra/test/unit/org/apache/cassandra/db/marshal/TypeCompareTest.java,TypeCompareTest.java,111,76,21,14,9,4665
Java,/Users/ropf/case_systems/cassandra/interface/thrift/gen-java/org/apache/cassandra/thrift/InvalidRequestException.java,InvalidRequestException.java,339,238,48,53,48,9486
Java,/Users/ropf/case_systems/cassandra/interface/thrift/gen-java/org/apache/cassandra/thrift/Compression.java,Compression.java,68,25,35,8,1,1720
Java,/Users/ropf/case_systems/cassandra/interface/thrift/gen-java/org/apache/cassandra/thrift/SuperColumn.java,SuperColumn.java,487,369,51,67,88,14180
Java,/Users/ropf/case_systems/cassandra/interface/thrift/gen-java/org/apache/cassandra/thrift/IndexType.java,IndexType.java,62,22,32,8,1,1635
Java,/Users/ropf/case_systems/cassandra/interface/thrift/gen-java/org/apache/cassandra/thrift/CqlRow.java,CqlRow.java,484,369,48,67,88,13741
Java,/Users/ropf/case_systems/cassandra/interface/thrift/gen-java/org/apache/cassandra/thrift/CqlResultType.java,CqlResultType.java,68,28,32,8,1,1737
Java,/Users/ropf/case_systems/cassandra/interface/thrift/gen-java/org/apache/cassandra/thrift/ColumnOrSuperColumn.java,ColumnOrSuperColumn.java,636,495,62,79,141,20989
Java,/Users/ropf/case_systems/cassandra/interface/thrift/gen-java/org/apache/cassandra/thrift/Constants.java,Constants.java,49,19,25,5,0,1463
Java,/Users/ropf/case_systems/cassandra/interface/thrift/gen-java/org/apache/cassandra/thrift/ColumnDef.java,ColumnDef.java,651,506,63,82,143,19498
Java,/Users/ropf/case_systems/cassandra/interface/thrift/gen-java/org/apache/cassandra/thrift/CfDef.java,CfDef.java,2623,2269,68,286,703,98651
Java,/Users/ropf/case_systems/cassandra/interface/thrift/gen-java/org/apache/cassandra/thrift/Cassandra.java,Cassandra.java,31106,25103,1691,4312,5858,1051970

